team,name,number,position,height,weight,age,years,school
Titans,MyCole Pruitt,85,TE,74,245,26,2,Southern Illinois
Titans,Kamalei Correa,44,LB,75,241,24,3,Boise State
Titans,Kenny Vaccaro,24,SS,72,214,27,6,Texas
Titans,Aaron Stinnie,61,G,75,312,24,0,James Madison
Titans,Anthony Firkser,86,TE,74,246,23,1,Harvard
Titans,Sharif Finch,56,OLB,76,250,22,0,Temple
Titans,Matt Dickerson,92,DE,77,292,22,0,UCLA
Titans,Cameron Batson,17,WR,68,175,22,0,Texas Tech
Titans,Dane Cruikshank,29,DB,73,209,23,0,Arizona
Titans,Harold Landry,58,OLB,74,252,22,0,Boston College
Titans,Rashaan Evans,54,LB,74,232,22,0,Alabama
Titans,Kendrick Lewis,28,S,72,205,30,8,Mississippi
Titans,Will Compton,51,LB,73,235,29,5,Nebraska
Titans,Bennie Logan,96,DT,74,315,28,6,LSU
Titans,Blaine Gabbert,7,QB,76,235,28,8,Missouri
Titans,Kevin Pamphile,66,G,77,315,27,5,Purdue
Titans,Jack Conklin,78,OT,78,308,24,3,Michigan State
Titans,Jurrell Casey,99,DT,73,305,28,8,USC
Titans,Kevin Byard,31,FS,71,212,25,3,Middle Tennessee State
Titans,Jayon Brown,55,LB,71,226,23,2,UCLA
Titans,Beau Brinkley,48,LS,76,260,28,7,Missouri
Titans,Daren Bates,53,LB,71,225,27,6,Auburn
Titans,Malcolm Butler,21,CB,71,190,28,5,West Alabama
Titans,Wesley Woodyard,59,ILB,72,233,32,11,Kentucky
Titans,Dion Lewis,33,RB,68,195,27,7,Pittsburgh
Titans,Aaron Wallace,52,OLB,74,242,25,3,UCLA
Titans,Taywan Taylor,13,WR,71,203,23,2,Western Kentucky
Titans,Ryan Succop,4,K,74,218,32,10,South Carolina
Titans,Luke Stocker,88,TE,77,253,30,8,Tennessee
Titans,Quinton Spain,67,G,76,330,27,4,West Virginia
Titans,Jonnu Smith,81,TE,75,248,23,2,Florida International
Titans,Brynden Trawick,41,S,74,225,28,6,Troy
Titans,LeShaun Sims,36,CB,72,203,25,3,Southern Utah
Titans,Tajae Sharpe,19,WR,74,194,23,3,Massachusetts
Titans,Logan Ryan,26,CB,71,195,27,6,Rutgers
Titans,Brian Orakpo,98,OLB,76,257,32,10,Texas
Titans,Derrick Morgan,91,LB,76,261,29,9,Georgia Tech
Titans,Marcus Mariota,8,QB,76,222,24,4,Oregon
Titans,Tyler Marz,69,T,79,316,26,2,Wisconsin
Titans,Rishard Matthews,18,WR,72,217,28,7,Nevada
Titans,Corey Levin,62,G,76,307,24,2,Tennessee-Chattanooga
Titans,Taylor Lewan,77,T,79,309,27,5,Michigan
Titans,Josh Kline,64,G,75,300,28,6,Kent State
Titans,Dennis Kelly,71,T,80,321,28,7,Purdue
Titans,Brett Kern,6,P,74,214,32,11,Toledo
Titans,DaQuan Jones,90,DT,76,322,26,5,Penn State
Titans,Austin Johnson,94,DT,76,314,24,3,Penn State
Titans,Adoree' Jackson,25,CB,71,185,23,2,USC
Titans,Ben Jones,60,C,75,308,29,7,Georgia
Titans,Darius Jennings,15,WR,70,180,26,2,Virginia
Titans,David Fluellen,32,RB,71,224,26,2,Toledo
Titans,Corey Davis,84,WR,75,209,23,2,Western Michigan
Titans,Derrick Henry,22,RB,75,247,24,3,Alabama
Titans,Devin Ross,83,WR,69,192,23,0,Colorado
Titans,Austin Barnard,3,K/P,75,207,23,0,Samford
Titans,Michael Campanaro,10,WR,69,191,27,4,Wake Forest
Titans,Delanie Walker,82,TE,74,248,34,13,Central Missouri State
Titans,Tye Smith,23,CB,72,195,25,3,Towson
Titans,Nate Palmer,50,LB,74,248,28,6,Illinois State
Titans,Kalan Reed,24,CB,71,192,24,2,Southern Mississippi
Titans,Johnny Maxey,93,DL,77,283,24,1,Mars Hill
Titans,Johnathan Cyprien,37,S,72,223,28,6,Florida International
Broncos,Kevin Hogan,9,QB,75,218,25,3,Stanford
Broncos,Adam Jones,24,CB,70,185,34,12,West Virginia
Broncos,Alexander Johnson,45,LB,74,245,26,0,Tennessee
Broncos,Shamarko Thomas,38,S,69,205,27,6,Syracuse
Broncos,Tramaine Brock,22,DB,70,188,30,9,Belhaven College
Broncos,Bradley Chubb,55,OLB,76,269,22,0,North Carolina State
Broncos,Royce Freeman,28,RB,72,229,22,0,Oregon
Broncos,Phillip Lindsay,30,RB,68,190,24,0,Colorado
Broncos,Marquette King,1,P,72,195,29,7,Fort Valley State
Broncos,Isaac Yiadom,41,CB,73,190,22,0,Boston College
Broncos,Josey Jewell,47,ILB,73,234,23,0,Iowa
Broncos,Keishawn Bierria,40,ILB,72,230,23,0,Washington
Broncos,DaeSean Hamilton,17,WR,73,203,23,0,Penn State
Broncos,Sam Jones,70,G,77,305,22,0,Arizona State
Broncos,Jared Veldheer,66,T,80,321,31,9,Hillsdale College
Broncos,Courtland Sutton,14,WR,75,218,22,0,Southern Methodist
Broncos,Ron Leary,65,G,75,320,29,7,Memphis
Broncos,Todd Davis,51,ILB,73,230,26,5,Sacramento State
Broncos,Jake Butt,80,TE,78,250,23,1,Michigan
Broncos,Garett Bolles,72,T,77,297,26,2,Utah
Broncos,Shaquil Barrett,48,OLB,74,250,25,5,Colorado State
Broncos,Devontae Booker,23,RB,71,219,26,3,Utah
Broncos,Dymonte Thomas,35,S,74,199,24,1,Michigan
Broncos,Domata Peko Sr.,94,NT,75,325,33,13,Michigan State
Broncos,Tim Patrick,81,WR,77,210,24,1,Utah
Broncos,Case Keenum,4,QB,73,215,30,6,Houston
Broncos,Emmanuel Sanders,10,WR,71,180,31,9,Southern Methodist
Broncos,Derek Wolfe,95,DE,77,285,28,7,Cincinnati
Broncos,DeMarcus Walker,57,DE,76,280,23,2,Florida State
Broncos,Von Miller,58,OLB,75,250,29,8,Texas A&M
Broncos,Andy Janovich,32,FB,73,238,25,3,Nebraska
Broncos,Will Parks,34,S,73,194,24,3,Arizona
Broncos,Shane Ray,56,OLB,75,245,25,4,Missouri
Broncos,Joe Jones,43,ILB,72,240,24,2,Northwestern
Broncos,Chad Kelly,6,QB,74,224,24,1,Mississippi
Broncos,Brandon McManus,8,K,75,201,27,5,Temple
Broncos,Elijah Wilkinson,68,T,76,329,23,2,Massachusetts
Broncos,Demaryius Thomas,88,WR,75,229,30,9,Georgia Tech
Broncos,Darian Stewart,26,S,71,214,30,9,South Carolina
Broncos,Justin Simmons,31,S,74,202,24,3,Boston College
Broncos,Billy Turner,77,G/T,77,310,26,5,North Dakota State
Broncos,Matt Paradis,61,C,75,300,28,4,Boise State
Broncos,Connor McGovern,60,G,76,306,25,3,Missouri
Broncos,Brandon Marshall,54,ILB,73,250,29,7,Nevada
Broncos,Bradley Roby,29,CB,71,194,26,5,Ohio State
Broncos,Max Garcia,76,G,76,309,26,4,Florida
Broncos,Casey Kreiter,42,LS,73,250,28,3,Iowa
Broncos,Jeff Heuerman,82,TE,77,255,25,4,Ohio State
Broncos,Matt LaCosse,83,TE,78,255,26,3,Illinois
Broncos,Zach Kerr,92,DE,74,334,28,5,Delaware
Broncos,Adam Gotsis,99,DE,76,287,25,3,Georgia Tech
Broncos,Chris Harris Jr.,25,CB,70,199,29,8,Kansas
Broncos,Shelby Harris,96,NT,74,290,27,4,Illinois State
Broncos,Troy Fumagalli,84,TE,77,247,23,0,Wisconsin
Broncos,Su'a Cravens,21,S,73,224,23,2,USC
Broncos,Jamal Carter,20,S,73,215,24,2,Miami (Fla.)
Broncos,Jerrol Garcia-Williams,52,ILB,74,235,24,2,Hawaii
Broncos,Deiontrez Mount,53,LB,77,253,25,3,Louisville
Broncos,Jordan Taylor,87,WR,77,210,26,3,Rice
Vikings,Bryan Witzmann,78,OG,79,320,28,4,South Dakota State
Vikings,Matt Wile,6,P,74,215,26,1,Michigan
Vikings,Brett Jones,61,C,74,312,27,4,Regina (Canada)
Vikings,George Iloka,23,S,76,225,28,7,Boise State
Vikings,Devante Downs,57,LB,74,252,22,0,California
Vikings,Holton Hill,24,CB,75,196,21,0,Texas
Vikings,Tyler Conklin,83,TE,76,254,23,0,Central Michigan
Vikings,Daniel Carlson,7,K,76,223,23,0,Auburn
Vikings,Mike Boone,44,RB,70,205,23,0,Cincinnati
Vikings,Jalyn Holmes,92,DT,77,283,22,0,Ohio State
Vikings,Mike Hughes,21,CB,71,191,21,0,Central Florida
Vikings,Brian O'Neill,75,OT,78,297,23,0,Pittsburgh
Vikings,David Parry,95,NT,74,317,26,4,Stanford
Vikings,Roc Thomas,32,RB,71,198,23,0,Jacksonville State
Vikings,Tom Compton,79,OT,77,313,29,6,South Dakota
Vikings,Jayron Kearse,27,SAF,76,215,24,3,Clemson
Vikings,Sheldon Richardson,93,DT,75,295,27,6,Missouri
Vikings,Trevor Siemian,3,QB,75,220,26,4,Northwestern
Vikings,Marcus Sherels,35,DB,70,175,30,8,Minnesota
Vikings,Brandon Zylstra,15,WR,75,220,25,0,Concordia-Moorhead
Vikings,Everson Griffen,97,DE,75,273,30,9,USC
Vikings,Laquon Treadwell,11,WR,74,215,23,3,Mississippi
Vikings,Xavier Rhodes,29,CB,73,218,28,6,Florida State
Vikings,Dalvin Cook,33,RB,70,210,23,2,Florida State
Vikings,Kyle Rudolph,82,TE,78,265,28,8,Notre Dame
Vikings,David Morgan,89,TE,76,265,25,3,Texas-San Antonio
Vikings,Riley Reiff,71,OT,78,305,29,7,Iowa
Vikings,Anthony Harris,41,SS,73,192,27,4,Virginia
Vikings,Anthony Barr,55,LB,77,255,26,5,UCLA
Vikings,Trae Waynes,26,CB,72,190,26,4,Michigan State
Vikings,Stefon Diggs,14,WR,72,191,24,4,Maryland
Vikings,Eric Wilson,50,LB,73,230,23,2,Cincinnati
Vikings,Stephen Weatherly,91,DE,77,265,24,3,Vanderbilt
Vikings,Adam Thielen,19,WR,74,200,28,5,Minnesota State
Vikings,Latavius Murray,25,RB,75,230,28,6,Central Florida
Vikings,Linval Joseph,98,DT,76,329,29,9,East Carolina
Vikings,Andrew Sendejo,34,SS,73,210,31,8,Rice
Vikings,Harrison Smith,22,S,74,214,29,7,Notre Dame
Vikings,Pat Elflein,65,C,74,303,24,2,Ohio State
Vikings,Kyle Sloter,1,QB,76,218,24,2,Northern Colorado
Vikings,Stacy Coley,13,WR,72,195,24,2,Miami (Fla.)
Vikings,Mackensie Alexander,20,CB,70,192,24,3,Clemson
Vikings,C.J. Ham,30,RB,71,235,25,2,Augustana (S.D.)
Vikings,Rashod Hill,69,OT,78,313,26,3,Southern Mississippi
Vikings,Eric Kendricks,54,MLB,72,232,26,4,UCLA
Vikings,Mike Remmers,74,OT,77,310,29,6,Oregon State
Vikings,Danny Isidora,63,OG,75,306,24,2,Miami (Fla.)
Vikings,Kevin McDermott,47,LS,77,240,28,6,UCLA
Vikings,Kirk Cousins,8,QB,75,202,30,7,Michigan State
Vikings,Danielle Hunter,99,DE,77,252,23,4,LSU
Vikings,Tashawn Bower,90,DE,76,250,23,2,LSU
Vikings,Ben Gedeon,42,OLB,74,244,23,2,Michigan
Vikings,Jaleel Johnson,94,DT,75,316,24,2,Iowa
Vikings,Craig James,36,CB,70,187,22,0,Southern Illinois
Vikings,Hercules Mata'afa,51,DE,74,254,23,0,Washington State
Vikings,Ade Aruna,61,DE,77,263,24,0,Tulane
Vikings,Tray Matthews,38,DB,72,196,23,0,Auburn
Vikings,Johnny Stanton,48,FB,74,250,24,0,Nevada-Las Vegas
Vikings,Josiah Price,87,TE,76,249,25,1,Michigan State
Vikings,Cedrick Lang,68,OT,79,269,26,1,Texas-El Paso
Vikings,Mack Brown,31,RB,71,213,26,3,Florida
Vikings,Horace Richardson,24,CB,71,199,24,1,Southern Methodist
Vikings,Nick Easton,62,OG,75,303,26,4,Harvard
Vikings,Josh Andrews,64,G,74,311,27,3,Oregon State
Vikings,Aviante Collins,76,OT,76,292,25,2,Texas Christian
Vikings,Terence Newman,23,DB,70,197,40,16,Kansas State
Vikings,Kentrell Brothers,40,OLB,73,242,25,3,Missouri
Bears,Khalil Mack,52,LB,75,252,27,5,Buffalo
Bears,Javon Wims,83,WR,76,215,24,0,Georgia
Bears,Nick Williams,97,DT,76,297,28,5,Samford
Bears,Kevin Toliver II,22,DB,74,192,22,0,LSU
Bears,Roquan Smith,58,LB,73,225,21,0,Georgia
Bears,Bilal Nichols,98,DT,76,290,22,0,Delaware
Bears,Anthony Miller,17,WR,71,190,23,0,Memphis
Bears,Sherrick McManis,27,DB,73,193,30,9,Northwestern
Bears,Aaron Lynch,99,LB,78,270,25,5,South Florida
Bears,Joel Iyiegbuniwe,45,LB,73,230,22,0,Western Kentucky
Bears,Kylie Fitts,49,LB,76,265,23,0,Utah
Bears,James Daniels,68,C,76,295,21,0,Iowa
Bears,Benny Cunningham,30,RB,70,218,28,6,Middle Tennessee State
Bears,Marcus Cooper Sr.,31,DB,74,197,28,6,Rutgers
Bears,Daniel Brown,85,TE,77,247,26,4,James Madison
Bears,Patrick Scales,48,LS,76,239,30,4,Utah State
Bears,Pat O'Donnell,16,P,76,217,27,5,Miami (Fla.)
Bears,Kyle Long,75,OG,78,316,29,6,Oregon
Bears,Charles Leno Jr.,72,OT,75,306,26,5,Boise State
Bears,Bobby Massie,70,OT,78,317,29,7,Mississippi
Bears,Danny Trevathan,59,ILB,73,239,28,7,Kentucky
Bears,Akiem Hicks,96,DT,77,332,28,7,Regina (Canada)
Bears,Cody Whitehair,65,C,76,310,26,3,Kansas State
Bears,Leonard Floyd,94,OLB,76,251,26,3,Georgia
Bears,Mitchell Trubisky,10,QB,75,222,24,2,North Carolina
Bears,Allen Robinson II,12,WR,75,211,25,5,Penn State
Bears,Dion Sims,88,TE,76,268,27,6,Michigan State
Bears,Eddie Goldman,91,NT,76,320,24,4,Florida State
Bears,Roy Robertson-Harris,95,DE,79,294,25,2,Texas-El Paso
Bears,Deon Bush,26,SS,72,205,25,3,Miami (Fla.)
Bears,Eric Kush,64,OG,76,317,29,5,California (PA)
Bears,Trey Burton,80,TE,75,235,26,5,Florida
Bears,Jonathan Bullard,90,DE,75,296,24,3,Florida
Bears,Kevin White,11,WR,75,216,26,4,West Virginia
Bears,Bradley Sowell,79,OT,79,312,29,7,Mississippi
Bears,Cody Parkey,1,K,72,190,26,5,Auburn
Bears,Nick Kwiatkoski,44,ILB,74,242,25,3,West Virginia
Bears,Eddie Jackson,39,FS,72,202,25,2,Alabama
Bears,Isaiah Irving,47,LB,74,254,24,2,San Jose State
Bears,DeAndre Houston-Carson,36,FS,73,205,25,3,William & Mary
Bears,Taylor Gabriel,18,WR,68,165,27,5,Abilene Christian
Bears,Chase Daniel,4,QB,72,225,31,10,Missouri
Bears,Tarik Cohen,29,RB,66,181,23,2,North Carolina A&T
Bears,Michael Burton,46,FB,72,240,26,4,Rutgers
Bears,Ben Braunecker,84,TE,76,252,24,3,Harvard
Bears,Adrian Amos Jr.,38,SS,72,214,25,4,Penn State
Bears,Jordan Howard,24,RB,72,224,23,3,Indiana
Bears,Bryce Callahan,37,CB,69,188,26,4,Rice
Bears,Joshua Bellamy,15,WR,72,208,29,4,Louisville
Bears,Prince Amukamara,20,CB,72,204,29,8,Nebraska
Bears,Kyle Fuller,23,CB,71,190,26,5,Virginia Tech
Bears,Rashaad Coward,69,OL,77,320,23,1,Old Dominion
Bears,Sam Acho,93,OLB,75,259,30,8,Texas
Bears,Andrew Trumbetti,48,LB,76,263,22,0,Notre Dame
Bears,Marlon Brown,81,WR,77,214,27,5,Georgia
Bears,Zach Miller,86,TE,77,245,33,9,Nebraska-Omaha
Bears,Adam Shaheen,87,TE,77,270,23,2,Ashland
Falcons,Keith Tandy,35,DB,70,205,29,7,West Virginia
Falcons,Corey Nelson,55,LB,73,226,26,5,Oklahoma
Falcons,Steven Means,56,DE,75,263,28,4,Buffalo
Falcons,Brian Hill,32,RB,73,219,22,2,Wyoming
Falcons,Jordan Richards,29,S,71,210,25,4,Stanford
Falcons,Ricky Ortiz,30,FB,72,233,24,1,Oregon State
Falcons,Terrell McClain,99,DT,74,302,30,8,South Florida
Falcons,Matt Gono,77,T,76,305,22,0,Wesley College
Falcons,Justin Bethel,28,CB,72,200,28,7,Presbyterian
Falcons,Justin Zimmer,92,DL,75,292,25,1,Ferris State
Falcons,Ito Smith,25,RB,69,195,23,0,Southern Mississippi
Falcons,Derrick Shelby,90,DE,74,280,29,7,Utah
Falcons,Deadrin Senat,94,DT,73,305,24,0,South Florida
Falcons,Calvin Ridley,18,WR,73,190,23,0,Alabama
Falcons,Logan Paulsen,82,TE,77,268,31,9,UCLA
Falcons,Foye Oluokun,54,LB,74,215,23,0,Yale
Falcons,Isaiah Oliver,20,CB,72,210,21,0,Colorado
Falcons,Kemal Ishmael,36,S,72,206,27,6,Central Florida
Falcons,Russell Gage,83,WR,72,184,22,0,LSU
Falcons,Jack Crawford,95,DL,77,288,30,7,Penn State
Falcons,Andy Levitre,67,G,74,303,32,10,Oregon State
Falcons,Desmond Trufant,21,CB,72,190,28,6,Washington
Falcons,Blidi Wreh-Wilson,33,CB,73,190,28,6,Connecticut
Falcons,Ben Garland,63,G,77,308,30,5,Air Force
Falcons,Matt Ryan,2,QB,76,217,33,11,Boston College
Falcons,Eric Saubert,85,TE,77,253,24,2,Drake
Falcons,Jake Matthews,70,T,77,309,26,5,Texas A&M
Falcons,Robert Alford,23,CB,70,186,29,6,Southeastern Louisiana
Falcons,De'Vondre Campbell,59,LB,76,232,25,3,Minnesota
Falcons,Tevin Coleman,26,RB,73,210,25,4,Indiana
Falcons,Matt Bryant,3,K,69,203,43,17,Baylor
Falcons,Matt Bosher,5,P,72,208,30,8,Miami (Fla.)
Falcons,Justin Hardy,14,WR,70,192,26,4,East Carolina
Falcons,Wes Schweitzer,71,G,77,314,25,3,San Jose State
Falcons,Ty Sambrailo,74,T,77,315,26,4,Colorado State
Falcons,Mohamed Sanu,12,WR,74,215,29,7,Rutgers
Falcons,Ryan Schraeder,73,T,79,300,30,6,Valdosta State
Falcons,Brooks Reed,50,DE,75,254,31,8,Arizona
Falcons,Grady Jarrett,97,DT,72,305,25,4,Clemson
Falcons,Matt Schaub,8,QB,78,245,37,15,Virginia
Falcons,Julio Jones,11,WR,75,220,29,8,Alabama
Falcons,Brandon Fusco,65,G,76,306,30,8,Slippery Rock
Falcons,Duke Riley,42,LB,73,230,24,2,LSU
Falcons,Damontae Kazee,27,S,71,190,25,2,San Diego State
Falcons,Takkarist McKinley,98,DE,76,230,22,2,UCLA
Falcons,Brian Poole,34,CB,70,211,25,3,Florida
Falcons,Devonta Freeman,24,RB,68,206,26,5,Florida State
Falcons,Austin Hooper,81,TE,76,254,23,3,Stanford
Falcons,Josh Harris,47,LS,73,224,29,7,Auburn
Falcons,Marvin Hall,17,WR,70,190,25,2,Washington
Falcons,Vic Beasley Jr.,44,OLB,75,246,26,4,Clemson
Falcons,Alex Mack,51,C,76,311,32,10,California
Falcons,Ricardo Allen,37,S,69,186,26,4,Purdue
Falcons,Keanu Neal,22,S,73,216,23,3,Florida
Falcons,Deion Jones,45,LB,73,227,23,3,LSU
Saints,Mike Gillislee,25,RB,71,210,27,6,Florida
Saints,Teddy Bridgewater,5,QB,74,215,25,5,Louisville
Saints,Josh LeRibeus,61,G,74,315,29,6,Southern Methodist
Saints,Tre'Quan Smith,10,WR,74,210,22,0,Central Florida
Saints,P.J. Williams,26,CB,72,196,25,4,Florida State
Saints,Benjamin Watson,82,TE,75,251,37,15,Georgia
Saints,Taylor Stallworth,76,DT,74,305,23,0,South Carolina
Saints,Patrick Robinson,21,CB,71,191,31,9,Florida State
Saints,Cameron Meredith,81,WR,75,207,26,4,Illinois State
Saints,J.T. Gray,48,DB,72,202,22,0,Mississippi State
Saints,Demario Davis,56,LB,74,248,29,7,Arkansas State
Saints,Marcus Davenport,92,DE,78,265,22,0,Texas-San Antonio
Saints,Kurt Coleman,29,S,71,208,30,9,Ohio State
Saints,Will Clapp,64,C,77,311,22,0,LSU
Saints,Jermon Bushrod,74,T,77,318,34,12,Towson
Saints,Andrus Peat,75,T,79,316,24,4,Stanford
Saints,A.J. Klein,53,LB,73,240,27,6,Iowa State
Saints,Alex Okafor,57,DE,76,261,27,6,Texas
Saints,Mitchell Loewen,70,DL,77,275,25,2,Arkansas
Saints,Alex Anzalone,47,LB,75,241,24,2,Florida
Saints,Dan Arnold,85,TE,78,220,23,2,Wis.-Platteville
Saints,Zach Wood,49,LS,75,255,25,2,Southern Methodist
Saints,David Onyemata,93,DT,76,300,25,3,Manitoba (Canada)
Saints,Cameron Tom,63,C,76,300,23,2,Southern Mississippi
Saints,Manti Te'o,51,LB,73,241,27,6,Notre Dame
Saints,Jonathan Williams,32,RB,72,223,24,3,Arkansas
Saints,Alvin Kamara,41,RB,70,215,23,2,Tennessee
Saints,Josh Hill,89,TE,77,250,28,6,Idaho State
Saints,Drew Brees,9,QB,72,209,39,18,Purdue
Saints,Ted Ginn Jr.,19,WR,71,180,33,12,Ohio State
Saints,Zach Line,42,FB,73,233,31,6,Southern Methodist
Saints,Craig Robertson,52,LB,73,234,30,6,North Texas
Saints,Cameron Jordan,94,DE,76,287,29,8,California
Saints,Marcus Williams,43,S,73,195,22,2,Utah
Saints,Max Unger,60,C,77,305,32,10,Oregon
Saints,Ryan Ramczyk,71,T,78,314,24,2,Wisconsin
Saints,Larry Warford,67,G,75,317,27,6,Kentucky
Saints,Michael Thomas,13,WR,75,212,25,3,Ohio State
Saints,Sheldon Rankins,98,DT,74,305,24,3,Louisville
Saints,Arthur Maulet,37,CB,70,190,25,2,Memphis
Saints,Tommylee Lewis,11,WR,67,168,25,3,Northern Illinois
Saints,Wil Lutz,3,K,71,184,24,3,Georgia State
Saints,Justin Hardee,34,DB,73,200,24,2,Illinois
Saints,Vonn Bell,24,S,71,205,23,3,Ohio State
Saints,Tyeler Davison,95,DT,74,309,25,4,Fresno State
Saints,Trey Hendrickson,91,DE,76,270,23,2,Florida Atlantic
Saints,Thomas Morstead,6,P,76,235,32,10,Southern Methodist
Saints,Austin Carr,80,WR,73,195,24,2,Northwestern
Saints,Taysom Hill,7,QB,74,221,28,2,Brigham Young
Saints,Ken Crawley,20,CB,73,180,25,3,Colorado
Saints,Terron Armstead,72,T,77,304,27,6,Arkansas-Pine Bluff
Saints,Marshon Lattimore,23,CB,72,192,22,2,Ohio State
Saints,Chris Banjo,31,S,70,207,28,5,Southern Methodist
Saints,Shane Vereen,35,RB,70,205,29,8,California
Saints,Sharrod Neasman,28,DB,72,198,26,3,Florida Atlantic
Saints,Rickey Jefferson,46,DB,71,208,23,0,LSU
Saints,Travin Dural,14,WR,74,207,24,1,LSU
Saints,Michael Hoomanawanui,84,TE,76,265,30,9,Illinois
Saints,Daniel Lasco,36,RB,73,205,25,3,California
Saints,Mark Ingram II,22,RB,69,215,28,8,Alabama
Rams,JoJo Natson,19,WR,67,153,24,2,Akron
Rams,Justin Lawler,53,OLB,76,265,23,0,Southern Methodist
Rams,Trevon Young,49,OLB,76,259,23,0,Louisville
Rams,Sebastian Joseph-Day,69,DT,76,310,23,0,Rutgers
Rams,John Kelly,42,RB,69,205,21,0,Tennessee
Rams,Micah Kiser,59,LB,74,244,23,0,Virginia
Rams,John Franklin-Myers,94,DE,76,288,21,0,Stephen F. Austin St.
Rams,Brian Allen,55,C,74,303,22,0,Michigan State
Rams,Joseph Noteboom,70,T,77,321,23,0,TCU
Rams,Sam Shields,37,CB,71,178,30,8,Miami (Fla.)
Rams,Ramik Wilson,52,LB,74,238,26,4,Georgia
Rams,Ndamukong Suh,93,DT,76,313,31,9,Nebraska
Rams,Brandin Cooks,12,WR,70,183,24,5,Oregon State
Rams,Michael Brockers,90,DL,77,305,27,7,LSU
Rams,Malcolm Brown,34,RB,71,222,25,3,Texas
Rams,Brandon Allen,8,QB,74,209,26,3,Arkansas
Rams,Mark Barron,26,ILB,74,230,28,7,Alabama
Rams,Austin Blythe,66,C,75,298,26,3,Iowa
Rams,Robert Woods,17,WR,72,195,26,6,USC
Rams,Sean Mannion,14,QB,78,223,26,3,Oregon State
Rams,Greg Zuerlein,4,K,72,191,30,7,Missouri Western State
Rams,Troy Hill,32,CB,71,183,27,3,Oregon
Rams,Tanzel Smart,92,DT,73,295,23,2,Tulane
Rams,Gerald Everett,81,TE,75,240,24,2,South Alabama
Rams,Nickell Robey-Coleman,23,CB,68,180,26,6,USC
Rams,Josh Reynolds,83,WR,75,196,23,2,Texas A&M
Rams,Rodger Saffold,76,OG,77,323,30,9,Indiana
Rams,Cory Littleton,58,ILB,75,228,24,3,Washington
Rams,Todd Gurley,30,RB,73,224,24,4,Georgia
Rams,Mike Thomas,88,WR,73,189,24,3,Southern Mississippi
Rams,Aqib Talib,21,CB,73,209,32,11,Kansas
Rams,Isaiah Johnson,27,DB,73,210,26,2,Georgia Tech
Rams,Dominique Easley,91,OLB,74,273,26,5,Florida
Rams,Bryce Hager,54,LB,73,237,26,4,Baylor
Rams,Ethan Westbrooks,95,DE,76,287,27,5,West Texas A&M
Rams,Andrew Whitworth,77,OT,79,330,36,13,LSU
Rams,Johnny Mundt,82,TE,76,233,23,1,Oregon
Rams,Jake McQuaide,44,LS,74,235,30,8,Ohio State
Rams,Marqui Christian,41,S,71,207,23,3,Midwestern State
Rams,John Johnson III,43,S,72,209,22,2,Boston College
Rams,Lamarcus Joyner,20,S,68,191,27,5,Florida State
Rams,John Sullivan,65,C,76,312,33,10,Notre Dame
Rams,Tyler Higbee,89,TE,78,255,25,3,Western Kentucky
Rams,Samson Ebukam,50,OLB,75,245,23,2,Eastern Washington
Rams,Jared Goff,16,QB,76,222,23,3,California
Rams,Johnny Hekker,6,P,77,241,28,7,Oregon State
Rams,Marcus Peters,22,CB,72,195,25,4,Washington
Rams,Cooper Kupp,18,WR,73,208,25,2,Eastern Washington
Rams,Justin Davis,33,RB,73,199,22,2,USC
Rams,Matt Longacre,96,OLB,75,265,27,4,Northwest Missouri State
Rams,Rob Havenstein,79,OT,80,330,26,4,Wisconsin
Rams,Blake Countess,24,DB,70,191,25,3,Auburn
Rams,Aaron Donald,99,DT,73,280,27,5,Pittsburgh
Rams,Ryan Davis,98,DE,74,260,29,7,Bethune-Cookman
Rams,Carlos Thompson,,LB,77,250,26,2,Mississippi
Rams,Kevin Peterson,25,CB,71,185,24,2,Oklahoma State
Rams,Pharoh Cooper,10,WR,71,208,23,3,South Carolina
Rams,Garrett Sickels,,OLB,76,254,23,1,Penn State
Rams,Morgan Fox,97,DE,75,275,24,3,Colorado State-Pueblo
Rams,Ogbonnia Okoronkwo,45,LB,73,253,23,0,Oklahoma
Rams,Jamon Brown,68,OG,76,340,25,4,Louisville
Chargers,T.Y. McGill,90,DT,72,299,25,4,North Carolina State
Chargers,Emmanuel Ellerbee,56,LB,73,235,21,0,Rice
Chargers,Russell Okung,76,T,77,310,30,9,Oklahoma State
Chargers,Derwin James,33,S,74,215,22,0,Florida State
Chargers,Brandon Facyson,36,CB,74,197,24,0,Virginia Tech
Chargers,JJ Jones,89,WR,70,173,25,0,West Georgia
Chargers,Justin Jones,91,DL,75,309,22,0,North Carolina State
Chargers,Detrez Newsome,38,RB,70,210,24,0,Western Carolina
Chargers,Uchenna Nwosu,42,LB,74,251,21,0,USC
Chargers,Scott Quessenberry,61,C-G,75,310,23,0,UCLA
Chargers,Kyzir White,44,LB,74,218,22,0,West Virginia
Chargers,Trent Scott,68,T,77,320,24,0,Grambling State
Chargers,Geno Smith,3,QB,75,221,27,6,West Virginia
Chargers,Caleb Sturgis,6,K,69,192,29,6,Florida
Chargers,Virgil Green,88,TE,77,255,30,8,Nevada
Chargers,Mike Pouncey,53,C,77,298,29,8,Florida
Chargers,Sean Culkin,80,TE,77,255,25,2,Missouri
Chargers,Jatavis Brown,57,OLB,71,221,24,3,Akron
Chargers,Travis Benjamin,12,WR,70,175,28,7,Miami (Fla.)
Chargers,Joe Barksdale,72,T,77,326,30,8,LSU
Chargers,Keenan Allen,13,WR,74,211,26,6,California
Chargers,Joey Bosa,99,DE,77,280,23,3,Ohio State
Chargers,Jahleel Addae,37,S,70,195,28,6,Central Michigan
Chargers,Mike Williams,81,WR,76,220,23,2,Clemson
Chargers,Cole Toner,64,C-G,77,310,24,2,Harvard
Chargers,Trevor Williams,24,CB,71,191,25,3,Penn State
Chargers,Tyrell Williams,16,WR,76,205,26,4,Western Oregon
Chargers,Derek Watt,34,FB,74,234,25,3,Wisconsin
Chargers,Mike Windt,47,LS,73,237,32,9,Cincinnati
Chargers,Michael Schofield III,75,G,78,301,27,5,Michigan
Chargers,Damion Square,71,NT,74,293,29,6,Alabama
Chargers,Adrian Phillips,31,S,71,210,26,4,Texas
Chargers,Philip Rivers,17,QB,77,228,36,15,North Carolina State
Chargers,Denzel Perryman,52,LB,71,240,25,4,Miami (Fla.)
Chargers,Darius Philon,93,DE,73,300,24,4,Arkansas
Chargers,Brandon Mebane,92,NT,73,311,33,12,California
Chargers,Desmond King II,20,CB,70,200,23,2,Iowa
Chargers,Sam Tevi,69,T,77,315,23,2,Utah
Chargers,Drew Kaser,8,P,74,206,25,3,Texas A&M
Chargers,Isaac Rochell,98,DE,76,280,23,1,Notre Dame
Chargers,Rayshawn Jenkins,23,S,73,220,24,2,Miami (Fla.)
Chargers,Chris Landrum,46,DE,74,245,26,3,Jacksonville State
Chargers,Melvin Ingram III,54,DE,74,247,29,7,South Carolina
Chargers,Casey Hayward Jr.,26,CB,71,192,29,7,Vanderbilt
Chargers,Melvin Gordon III,28,RB,73,215,25,4,Wisconsin
Chargers,Kyle Emanuel,51,OLB,75,250,27,4,North Dakota State
Chargers,Antonio Gates,85,TE,76,255,38,16,Kent State
Chargers,Dan Feeney,66,G,76,310,24,2,Indiana
Chargers,Geremy Davis,11,WR,75,211,26,4,Connecticut
Chargers,Forrest Lamp,77,G,76,310,24,2,Western Kentucky
Chargers,Nick Dzubnar,48,ILB,73,240,27,4,Cal Poly-S.L.O.
Chargers,Austin Ekeler,30,RB,70,200,23,2,Western State (Colo.)
Chargers,Michael Davis,43,CB,74,196,23,2,Brigham Young
Chargers,Austin Roberts,42,TE,74,230,22,0,UCLA
Chargers,Jaylen Watkins,27,DB,71,194,26,4,Florida
Chargers,Jason Verrett,22,CB,70,188,27,5,Texas Christian
Chargers,Artavis Scott,10,WR,71,195,23,1,Clemson
Chargers,Craig Mager,29,CB,71,200,26,3,Texas State
Chargers,Hunter Henry,86,TE,77,250,23,3,Arkansas
Chargers,Corey Liuget,94,DT,74,300,28,8,Illinois
Raiders,Johnathan Hankins,,DT,74,325,26,5,Ohio State
Raiders,Clinton McDonald,,DT,74,297,31,9,Memphis
Raiders,Trent Sieg,47,LS,75,240,23,0,Colorado State
Raiders,Brian Price,93,DT,75,303,24,2,Texas-San Antonio
Raiders,Brandon LaFell,19,WR,75,210,31,9,LSU
Raiders,Justin Murray,71,T,77,306,25,1,Cincinnati
Raiders,T.J. Clemmings,74,T,77,310,26,4,Pittsburgh
Raiders,AJ McCarron,2,QB,75,215,28,4,Alabama
Raiders,Dominique Rodgers-Cromartie,45,CB,74,203,32,11,Tennessee State
Raiders,Mike Nugent,6,K,70,190,36,14,Ohio State
Raiders,Frostee Rucker,98,DT,75,261,35,13,USC
Raiders,Derrick Johnson,56,LB,75,242,35,14,Texas
Raiders,Maurice Hurst,73,DT,74,291,23,0,Michigan
Raiders,Arden Key,99,DE,77,238,22,0,LSU
Raiders,Kolton Miller,77,T,80,309,22,0,UCLA
Raiders,Nick Nelson,23,CB,71,200,21,0,Wisconsin
Raiders,Brandon Parker,75,T,80,305,22,0,North Carolina A&T
Raiders,Johnny Townsend,5,P,73,210,23,0,Florida
Raiders,P.J. Hall,92,DT,73,308,23,0,Sam Houston State
Raiders,Martavis Bryant,12,WR,76,210,26,4,Clemson
Raiders,Kyle Wilber,58,LB,76,245,29,7,Wake Forest
Raiders,Tahir Whitehead,59,LB,74,241,28,7,Temple
Raiders,Lee Smith,86,TE,78,265,30,8,Marshall
Raiders,Keith Smith,41,FB,72,240,26,4,San Jose State
Raiders,Reggie Nelson,27,S,71,210,35,12,Florida
Raiders,Rashaan Melvin,22,CB,74,196,28,6,Northern Illinois
Raiders,Doug Martin,28,RB,69,223,29,7,Boise State
Raiders,Emmanuel Lamur,54,LB,76,245,29,7,Kansas State
Raiders,Dwayne Harris,17,WR/RS,71,206,31,8,East Carolina
Raiders,Leon Hall,29,CB,71,195,33,12,Michigan
Raiders,Marcus Gilchrist,31,S,70,200,29,8,Clemson
Raiders,Jordy Nelson,82,WR,75,217,33,11,Kansas State
Raiders,Derek Carrier,85,TE,76,244,28,6,Beloit
Raiders,Tank Carradine,96,DL,76,270,28,6,Florida State
Raiders,Gareon Conley,21,CB,72,195,23,2,Ohio State
Raiders,Erik Harris,25,S,75,225,28,3,California (PA)
Raiders,Nicholas Morrow,50,LB,72,224,23,2,Greenville College
Raiders,Bruce Irvin,51,DE,75,250,30,7,West Virginia
Raiders,Amari Cooper,89,WR,73,211,24,4,Alabama
Raiders,Gabe Jackson,66,G,75,335,27,5,Mississippi State
Raiders,DeAndré Washington,33,RB,68,205,25,3,Texas Tech
Raiders,Kelechi Osemele,70,G/T,77,330,29,7,Iowa State
Raiders,Donald Penn,72,T,76,315,35,13,Utah State
Raiders,Marquel Lee,55,LB,75,235,22,2,Wake Forest
Raiders,Rodney Hudson,61,C,74,300,29,8,Florida State
Raiders,Jon Feliciano,76,G/C,76,325,26,4,Miami (Fla.)
Raiders,Derek Carr,4,QB,75,215,27,5,Fresno State
Raiders,Marshawn Lynch,24,RB,71,215,32,11,California
Raiders,Seth Roberts,10,WR,74,195,27,4,West Alabama
Raiders,Jalen Richard,30,RB,68,205,24,3,Southern Mississippi
Raiders,Jared Cook,87,TE,77,254,31,10,South Carolina
Raiders,Karl Joseph,42,S,70,205,25,3,West Virginia
Raiders,Fadol Brown,95,DE,76,282,25,1,Mississippi
Raiders,Ahtyba Rubin,,DT,74,315,32,11,Iowa State
Raiders,Chris Warren III,34,RB,74,246,22,0,Texas
Raiders,Eddy Piñeiro,9,K,72,185,23,0,Florida
Raiders,Andrew DePaola,48,LS,74,230,31,5,Rutgers
Raiders,Tevin Mitchel,,S,72,192,26,2,Arkansas
Raiders,Justin Ellis,78,DT,74,334,27,5,Louisiana Tech
Raiders,Dexter McDonald,23,CB,73,200,26,4,Kansas
Raiders,Obi Melifonwu,,S,75,224,24,2,Connecticut
Raiders,Eddie Vanderdoes,94,DT,76,305,23,2,UCLA
Raiders,Daryl Worley,20,CB,73,205,23,3,West Virginia
Lions,Jamil Demby,64,OL,77,321,22,0,Maine
Lions,Romeo Okwara,95,DE,76,274,23,3,Notre Dame
Lions,Marquis Flowers,59,LB,75,245,26,5,Arizona
Lions,Dee Virgin,30,DB,70,205,24,1,Alabama
Lions,Andrew Donnal,78,OT,78,305,26,4,Iowa
Lions,Eli Harold,57,LB,75,243,24,4,Virginia
Lions,Ricky Jean Francois,97,DT,74,309,31,10,LSU
Lions,Brandon Powell,10,WR,68,181,23,0,Florida
Lions,LeGarrette Blount,29,RB,72,247,31,9,Oregon
Lions,Matt Cassel,8,QB,76,225,36,14,USC
Lions,Tyrell Crosby,65,OL,76,309,23,0,Oregon
Lions,Da'Shawn Hand,93,DL,75,297,22,0,Alabama
Lions,Frank Ragnow,77,OL,77,308,22,0,Arkansas
Lions,Kerryon Johnson,33,RB,71,206,21,0,Auburn
Lions,Levine Toilolo,87,TE,80,268,27,6,Stanford
Lions,Kenny Wiggins,79,OG,78,330,30,5,Fresno State
Lions,Tracy Walker,47,DB,73,206,23,0,Louisiana-Lafayette
Lions,Sylvester Williams,92,DT,74,328,29,6,North Carolina
Lions,Luke Willson,82,TE,77,251,28,6,Rice
Lions,TJ Jones,13,WR,72,190,26,4,Notre Dame
Lions,Ameer Abdullah,21,RB,69,203,25,4,Nebraska
Lions,Tavon Wilson,32,S,72,212,28,7,Illinois
Lions,Teez Tabor,31,CB,72,201,22,2,Florida
Lions,Michael Roberts,80,TE,77,265,24,2,Toledo
Lions,Rick Wagner,71,OT,78,315,28,6,Wisconsin
Lions,Hakeem Valles,84,TE,75,250,25,2,Monmouth (N.J.)
Lions,Kerry Hyder Jr.,61,DE,74,270,27,3,Texas Tech
Lions,Matt Prater,5,K,70,201,34,12,Central Florida
Lions,T.J. Lang,76,OG,76,315,31,10,Eastern Michigan
Lions,Nick Bellore,43,FB,73,250,29,8,Central Michigan
Lions,Jarrad Davis,40,LB,73,238,23,2,Florida
Lions,Ezekiel Ansah,94,DE,77,275,29,6,Brigham Young
Lions,Charles Washington,45,S,70,192,25,2,Fresno State
Lions,Matthew Stafford,9,QB,75,220,30,10,Georgia
Lions,Golden Tate,15,WR,70,197,30,9,Notre Dame
Lions,Darius Slay,23,CB,72,190,27,6,Mississippi State
Lions,Sam Martin,6,P,73,211,28,6,Appalachian State
Lions,Don Muhlbach,48,LS,76,258,37,15,Texas A&M
Lions,Nevin Lawson,24,CB,69,192,27,5,Utah State
Lions,Taylor Decker,68,OT,79,311,25,3,Ohio State
Lions,Jalen Reeves-Maybin,44,LB,72,230,23,2,Tennessee
Lions,Quandre Diggs,28,DB,69,200,25,4,Texas
Lions,Christian Jones,52,LB,75,244,27,5,Florida State
Lions,Glover Quin,27,S,72,207,32,10,New Mexico
Lions,Graham Glasgow,60,C/G,78,310,26,3,Michigan
Lions,Miles Killebrew,35,S,74,222,25,3,Southern Utah
Lions,A'Shawn Robinson,91,DT,76,322,23,3,Alabama
Lions,Joe Dahl,66,OG,76,305,25,3,Washington State
Lions,Kenny Golladay,19,WR,76,213,24,2,Northern Illinois
Lions,Marvin Jones Jr.,11,WR,74,198,28,7,California
Lions,Theo Riddick,25,RB,69,201,27,6,Notre Dame
Lions,Jamal Agnew,39,CB,70,190,23,2,San Diego
Lions,Devon Kennard,42,LB,76,256,27,5,USC
Lions,Andy Jones,17,WR,73,215,24,1,Jacksonville
Lions,Marcus Cromartie,46,S,72,195,27,4,Wisconsin
Lions,Nick Bawden,46,FB,74,245,22,0,San Diego State
Lions,Steve Longa,54,LB,72,240,23,2,Rutgers
Eagles,D.J. Alexander,57,LB,74,233,26,4,Oregon State
Eagles,Deiondre' Hall,36,S,74,206,24,3,Northern Iowa
Eagles,Corey Graham,24,S,72,196,33,12,New Hampshire
Eagles,DeAndre Carter,16,WR,68,190,25,1,Sacramento State
Eagles,Kamar Aiken,81,WR,74,216,29,6,Central Florida
Eagles,LaRoy Reynolds,50,LB,73,240,27,6,Virginia
Eagles,Bruce Hector,98,DT,74,296,23,0,South Florida
Eagles,Darren Sproles,43,RB,66,190,35,14,Kansas State
Eagles,Matt Pryor,69,G/T,79,338,23,0,TCU
Eagles,Josh Sweat,75,DE,77,250,21,0,Florida State
Eagles,Jordan Mailata,68,T,80,346,21,0,
Eagles,Avonte Maddox,29,CB,69,180,22,0,Pittsburgh
Eagles,Dallas Goedert,88,TE,76,260,23,0,South Dakota State
Eagles,Mike Wallace,14,WR,72,200,32,10,Mississippi
Eagles,Michael Bennett,77,DE,76,274,32,10,Texas A&M
Eagles,Haloti Ngata,94,DT,76,340,34,13,Oregon
Eagles,Fletcher Cox,91,DT,76,310,27,7,Mississippi State
Eagles,Ronald Darby,21,CB,71,193,24,4,Florida State
Eagles,Nigel Bradham,53,LB,74,241,29,7,Florida State
Eagles,Corey Clement,30,RB,70,220,23,2,Wisconsin
Eagles,Brandon Brooks,79,G,77,335,29,7,Miami (Ohio)
Eagles,Jay Ajayi,26,RB,72,223,25,4,Boise State
Eagles,Nelson Agholor,13,WR,72,198,25,4,USC
Eagles,Derek Barnett,96,DE,75,259,22,2,Tennessee
Eagles,Sidney Jones,22,CB,72,181,22,1,Washington
Eagles,Carson Wentz,11,QB,77,237,25,3,North Dakota State
Eagles,Chance Warmack,67,G,74,323,27,6,Alabama
Eagles,Jalen Mills,31,CB,72,191,24,3,LSU
Eagles,Halapoulivaati Vaitai,72,T,78,320,25,3,Texas Christian
Eagles,Malcolm Jenkins,27,S,72,204,30,10,Ohio State
Eagles,Chris Long,56,DE,75,270,33,11,Virginia
Eagles,Nick Foles,9,QB,78,243,29,7,Arizona
Eagles,Wendell Smallwood,28,RB,70,208,24,3,West Virginia
Eagles,Kamu Grugier-Hill,54,LB,74,230,24,3,Eastern Illinois
Eagles,Jordan Hicks,58,LB,73,236,26,4,Texas
Eagles,Brandon Graham,55,DE,74,265,30,9,Michigan
Eagles,Stefen Wisniewski,61,G/C,75,305,29,8,Penn State
Eagles,Isaac Seumalo,73,OL,76,303,24,3,Oregon State
Eagles,Jason Peters,71,T,76,328,36,15,Arkansas
Eagles,Joshua Perkins,83,TE,75,223,25,2,Washington
Eagles,Nate Sudfeld,7,QB,78,227,24,3,Indiana
Eagles,Jason Kelce,62,C,75,295,30,8,Cincinnati
Eagles,Destiny Vaeao,97,DT,76,299,24,3,Washington State
Eagles,Jake Elliott,4,K,69,167,23,2,Memphis
Eagles,Nathan Gerry,47,LB,74,230,23,2,Nebraska
Eagles,Cameron Johnston,1,P,71,194,26,1,Ohio State
Eagles,Lane Johnson,65,T,78,317,28,6,Oklahoma
Eagles,Shelton Gibson,18,WR,71,191,24,2,West Virginia
Eagles,Rick Lovato,45,LS,74,249,26,2,Old Dominion
Eagles,Rodney McLeod,23,S,70,195,28,7,Virginia
Eagles,Alshon Jeffery,17,WR,75,218,28,7,South Carolina
Eagles,Zach Ertz,86,TE,77,250,27,6,Stanford
Eagles,Rasul Douglas,32,CB,74,209,24,2,West Virginia
Eagles,Gannon Sinclair,,TE,79,258,25,1,Missouri State
Eagles,Toby Weathersby,,OL,76,317,22,0,LSU
Eagles,Richard Rodgers,82,TE,76,257,26,5,California
Eagles,Paul Worrilow,,LB,72,230,28,6,Delaware
Eagles,Elie Bouka,,CB,73,205,26,2,Calgary
Eagles,Mack Hollins,10,WR,76,221,25,2,North Carolina
Eagles,Tim Jernigan,93,DT,74,295,25,5,Florida State
Eagles,Chris Maragos,42,S,70,200,31,9,Wisconsin
Browns,Anthony Zettel,97,DL,76,275,26,3,Penn State
Browns,Tanner Vallejo,54,LB,73,230,23,2,Boise State
Browns,Tavierre Thomas,27,DB,70,205,22,0,Ferris State
Browns,Ifeadi Odenigbo,91,DL,75,275,24,1,Northwestern
Browns,Carl Davis,94,DL,77,320,26,4,Iowa
Browns,Devaroe Lawrence,99,DL,74,295,25,1,Auburn
Browns,Earl Watford,71,OL,75,300,28,6,James Madison
Browns,Orson Charles,82,TE,75,257,27,3,Georgia
Browns,Greg Robinson,78,OL,77,330,25,5,Auburn
Browns,Chad Thomas,92,DL,77,278,22,0,Miami (Fla.)
Browns,Chris Smith,50,DL,73,266,26,5,Arkansas
Browns,Derrick Willies,84,WR,76,207,23,0,Texas Tech
Browns,Drew Stanton,9,QB,75,226,34,12,Michigan State
Browns,Damion Ratley,18,WR,74,200,23,0,Texas A&M
Browns,Denzel Ward,21,DB,71,190,21,0,Ohio State
Browns,Baker Mayfield,6,QB,73,215,23,0,Oklahoma
Browns,Terrance Mitchell,39,DB,71,191,26,5,Oregon
Browns,E.J. Gaines,28,DB,70,191,26,5,Missouri
Browns,Desmond Harrison,69,OL,78,295,24,0,West Georgia
Browns,Chris Hubbard,74,OL,76,295,27,5,Alabama-Birmingham
Browns,Carlos Hyde,34,RB,72,229,28,5,Ohio State
Browns,Darren Fells,88,TE,79,270,32,5,California-Irvine
Browns,Austin Corbett,63,OL,76,306,23,0,Nevada
Browns,Nick Chubb,24,RB,71,227,22,0,Georgia
Browns,Antonio Callaway,11,WR,71,200,21,0,Florida
Browns,T.J. Carrie,38,DB,72,204,28,5,Ohio
Browns,Genard Avery,55,LB,72,250,23,0,Memphis
Browns,Kevin Zeitler,70,OL,76,315,28,7,Wisconsin
Browns,JC Tretter,64,OL,76,307,27,6,Cornell
Browns,Tyrod Taylor,5,QB,73,217,29,8,Virginia Tech
Browns,Joe Schobert,53,LB,73,245,24,3,Wisconsin
Browns,Denzel Rice,37,DB,72,185,25,2,Coastal Carolina
Browns,Jabrill Peppers,22,DB,71,213,22,2,Michigan
Browns,Damarious Randall,23,DB,71,196,26,4,Arizona State
Browns,Emmanuel Ogbah,90,DL,76,275,24,3,Oklahoma State
Browns,Larry Ogunjobi,65,DL,75,305,24,2,Charlotte
Browns,David Njoku,85,TE,76,246,22,2,Miami (Fla.)
Browns,Jarvis Landry,80,WR,71,196,25,5,LSU
Browns,Derrick Kindred,26,DB,70,210,24,3,TCU
Browns,Christian Kirksey,58,LB,74,235,26,5,Iowa
Browns,Charley Hughlett,47,LS,76,248,28,4,Central Florida
Browns,Duke Johnson Jr.,29,RB,69,210,24,4,Miami (Fla.)
Browns,Rashard Higgins,81,WR,73,198,23,3,Colorado State
Browns,Zane Gonzalez,2,K,72,202,23,2,Arizona State
Browns,Myles Garrett,95,DL,76,272,22,2,Texas A&M
Browns,Josh Gordon,12,WR,75,225,27,3,Baylor
Browns,Britton Colquitt,4,P,75,210,33,9,Tennessee
Browns,Jamie Collins Sr.,51,LB,75,250,28,6,Southern Mississippi
Browns,Trevon Coley,93,DL,73,310,24,2,Florida Atlantic
Browns,Seth DeValve,87,TE,75,245,25,3,Princeton
Browns,Briean Boddy-Calhoun,20,DB,69,193,25,3,Minnesota
Browns,James Burgess Jr.,52,LB,72,230,24,2,Louisville
Browns,Joel Bitonio,75,OL,76,305,26,5,Nevada
Browns,Lenny Jones,91,DL,74,256,27,1,Nevada
Browns,Howard Wilson,24,DB,73,184,22,2,Houston
Browns,Danny Vitale,40,FB,73,245,24,3,Northwestern
Browns,Ricardo Louis,15,WR,74,215,24,3,Auburn
Bills,Nate Orchard,53,DE,75,255,25,4,Utah
Bills,Robert Thomas,97,DT,73,316,27,3,Arkansas
Bills,Corey Bojorquez,9,P,72,208,22,0,New Mexico
Bills,Harrison Phillips,99,DT,75,307,22,0,Stanford
Bills,Wyatt Teller,75,G,76,314,23,0,Virginia Tech
Bills,Marshall Newhouse,71,T,76,330,29,9,Texas Christian
Bills,Siran Neal,29,S,72,206,24,0,Jacksonville State
Bills,Taron Johnson,24,CB,71,192,22,0,Weber State
Bills,Ray-Ray McCloud III,14,WR,69,190,21,0,Clemson
Bills,Phillip Gaines,28,CB,72,193,27,5,Rice
Bills,Robert Foster,16,WR,74,196,24,0,Alabama
Bills,Tremaine Edmunds,49,LB,77,250,20,0,Virginia Tech
Bills,Ike Boettger,65,T,78,313,23,0,Iowa
Bills,Russell Bodine,66,C,75,308,26,5,North Carolina
Bills,Josh Allen,17,QB,77,237,22,0,Wyoming
Bills,Ramon Humber,50,LB,71,232,31,10,North Dakota State
Bills,Taiwan Jones,26,RB,72,195,30,8,Eastern Washington
Bills,Logan Thomas,82,TE,78,250,27,4,Virginia Tech
Bills,Lafayette Pitts,30,CB,71,195,25,3,Pittsburgh
Bills,Eddie Yarbrough,54,DE,75,259,25,2,Wyoming
Bills,Jason Croom,80,TE,77,246,24,1,Tennessee
Bills,Julian Stanford,51,LB,73,230,28,5,Wagner
Bills,Shaq Lawson,90,DE,75,267,24,3,Clemson
Bills,Jordan Poyer,21,S,72,191,27,6,Oregon State
Bills,Nathan Peterman,2,QB,74,225,24,2,Pittsburgh
Bills,LeSean McCoy,25,RB,71,210,30,10,Pittsburgh
Bills,Deon Lacey,44,LB,75,235,28,2,West Alabama
Bills,Rafael Bush,20,S,71,203,31,8,South Carolina State
Bills,Khari Lee,88,TE,76,253,26,4,Bowie State
Bills,Marcus Murphy,45,RB,69,195,27,3,Missouri
Bills,Andre Holmes,18,WR,76,210,30,7,Hillsdale
Bills,Vontae Davis,22,CB,71,207,30,10,Illinois
Bills,Jordan Mills,79,T,77,316,27,6,Louisiana Tech
Bills,Jerry Hughes,55,DE,74,254,30,9,Texas Christian
Bills,Trent Murphy,93,DE,78,260,27,5,Stanford
Bills,Kyle Williams,95,DT,73,303,35,13,LSU
Bills,Conor McDermott,68,T,80,305,25,2,UCLA
Bills,Star Lotulelei,98,DT,74,315,29,6,Utah
Bills,Tre'Davious White,27,CB,71,192,22,2,LSU
Bills,Ryan Groy,72,G,77,320,27,5,Wisconsin
Bills,Stephen Hauschka,4,K,76,210,33,11,North Carolina State
Bills,Chris Ivory,33,RB,72,223,30,9,Tiffin University
Bills,John Miller,76,G,75,315,25,4,Louisville
Bills,Charles Clay,85,TE,75,255,29,8,Tulsa
Bills,Dion Dawkins,73,T,77,320,24,2,Temple
Bills,Reid Ferguson,69,LS,73,244,24,2,LSU
Bills,Micah Hyde,23,S,72,197,27,6,Iowa
Bills,Zay Jones,11,WR,74,200,23,2,East Carolina
Bills,Matt Milano,58,LB,72,223,24,2,Boston College
Bills,Vladimir Ducasse,62,G,77,329,30,9,Massachusetts
Bills,Lorenzo Alexander,57,LB,73,245,35,12,California
Bills,Kelvin Benjamin,13,WR,77,245,27,5,Florida State
Bills,Patrick DiMarco,42,FB,73,234,29,7,South Carolina
Bills,Cory Carter,7,P,71,220,24,1,Texas Southern
Bills,Keenan Robinson,48,LB,75,245,29,7,Texas
Steelers,Ryan Switzer,10,WR,68,185,23,2,North Carolina
Steelers,Zach Banner,72,OT,80,360,24,2,USC
Steelers,Matthew Thomas,46,LB,75,232,23,0,Florida State
Steelers,Jaylen Samuels,38,RB,72,225,22,0,North Carolina State
Steelers,Marcus Allen,27,S,74,215,22,0,Penn State
Steelers,Chukwuma Okorafor,76,OL,78,320,21,0,Western Michigan
Steelers,Mason Rudolph,2,QB,77,235,23,0,Oklahoma State
Steelers,James Washington,13,WR,71,213,22,0,Oklahoma State
Steelers,Terrell Edmunds,34,S,73,217,21,0,Virginia Tech
Steelers,Nat Berhe,31,S,71,195,27,5,San Diego State
Steelers,Morgan Burnett,42,S,73,209,29,9,Georgia Tech
Steelers,Jon Bostic,51,LB,73,245,27,6,Florida
Steelers,Jordan Dangerfield,37,S,71,199,27,2,Towson
Steelers,James Conner,30,RB,73,233,23,2,Pittsburgh
Steelers,Vince Williams,98,LB,73,233,28,6,Florida State
Steelers,JuJu Smith-Schuster,19,WR,73,215,21,2,USC
Steelers,Dan McCullers,93,DT,79,352,26,5,Tennessee
Steelers,Cameron Sutton,20,CB,71,188,23,2,Tennessee
Steelers,L.J. Fort,54,LB,72,232,28,4,Northern Iowa
Steelers,Mike Hilton,28,CB,69,184,24,2,Mississippi
Steelers,Kameron Canaday,57,LS,76,245,26,2,Portland State
Steelers,Javon Hargrave,79,NT,74,305,25,3,South Carolina State
Steelers,Cameron Heyward,97,DT,77,295,29,8,Ohio State
Steelers,Vance McDonald,89,TE,76,267,28,6,Rice
Steelers,Tyler Matakevich,44,LB,73,235,25,3,Temple
Steelers,Antonio Brown,84,WR,70,181,30,9,Central Michigan
Steelers,Joe Haden,23,CB,71,195,29,9,Florida
Steelers,Ramon Foster,73,G,77,328,32,10,Tennessee
Steelers,Justin Hunter,11,WR,76,203,27,6,Tennessee
Steelers,T.J. Watt,90,LB,76,252,23,2,Wisconsin
Steelers,Alejandro Villanueva,78,OT,81,320,30,4,Army
Steelers,Stephon Tuitt,91,DE,78,303,25,5,Notre Dame
Steelers,Stevan Ridley,22,RB,71,220,29,6,LSU
Steelers,Roosevelt Nix,45,FB,71,248,26,4,Kent State
Steelers,Coty Sensabaugh,24,CB,71,187,29,7,Clemson
Steelers,Jesse James,81,TE,79,261,24,4,Penn State
Steelers,Ben Roethlisberger,7,QB,77,240,36,15,Miami (Ohio)
Steelers,Xavier Grimble,85,TE,76,261,26,3,USC
Steelers,Maurkice Pouncey,53,C,76,304,29,9,Florida
Steelers,Anthony Chickillo,56,LB,75,255,25,4,Miami (Fla.)
Steelers,Joshua Dobbs,5,QB,75,216,23,2,Tennessee
Steelers,Darrius Heyward-Bey,88,WR,74,210,31,10,Maryland
Steelers,Artie Burns,25,CB,72,197,23,3,Miami (Fla.)
Steelers,B.J. Finney,67,C/G,76,318,26,3,Kansas State
Steelers,L.T. Walton,96,DE,77,305,26,4,Central Michigan
Steelers,Sean Davis,21,S,73,202,24,3,Maryland
Steelers,David DeCastro,66,G,77,316,28,7,Stanford
Steelers,Chris Boswell,9,K,74,185,27,4,Rice
Steelers,Marcus Gilbert,77,OT,78,330,30,8,Florida
Steelers,Tyson Alualu,94,DE,75,304,31,9,California
Steelers,Jordan Berry,4,P,77,195,27,4,Eastern Kentucky
Steelers,Matt Feiler,71,OT,78,330,26,2,Bloomsburg
Steelers,Bud Dupree,48,LB,76,269,25,4,Kentucky
Steelers,Eli Rogers,17,WR,70,187,25,4,Louisville
Steelers,Le'Veon Bell,26,RB,73,225,26,6,Michigan State
Steelers,Ryan Malleck,82,TE,76,219,25,1,Virginia Tech
Steelers,Olasunkanmi Adeniyi,92,LB,73,248,21,0,Toledo
Steelers,Trey Johnson,38,DB,71,170,23,0,Villanova
Steelers,Joseph Cheek,72,OT,79,311,25,1,Texas A&M
Steelers,Keith Kelsey,55,LB,72,233,23,1,Louisville
Steelers,Malik Golden,39,S,72,205,25,1,Penn State
Steelers,Jake McGee,80,TE,77,250,27,1,Florida
Steelers,Jerald Hawkins,65,OT,78,305,24,3,LSU
Steelers,Ryan Shazier,50,LB,73,230,26,5,Ohio State
Giants,Nate Stupar,57,LB,74,240,30,6,Penn State
Giants,John Jenkins,91,DT,75,327,29,6,Georgia
Giants,Kaelin Clay,15,WR,70,195,26,4,Utah
Giants,Mario Edwards,99,DE,75,280,24,4,Florida State
Giants,Antonio Hamilton,30,CB,72,190,25,3,South Carolina State
Giants,Michael Jordan,33,CB,73,200,25,3,Missouri Western State
Giants,Kamrin Moore,29,S,71,203,21,0,Boston College
Giants,Spencer Pulley,77,C,76,308,25,3,Vanderbilt
Giants,Kerry Wynn,72,DE,77,264,27,5,Richmond
Giants,Connor Barwin,53,LB,76,255,31,10,Cincinnati
Giants,Scott Simonson,82,TE,77,255,26,4,Assumption
Giants,Russell Shepard,81,WR,73,195,28,6,LSU
Giants,Sean Chandler,36,S,70,205,22,0,Temple
Giants,Evan Brown,67,C,74,302,22,0,SMU
Giants,Tae Davis,58,ILB,73,224,22,0,Tennessee-Chattanooga
Giants,Alex Tanney,3,QB,76,220,30,3,Monmouth (Ill.)
Giants,B.W. Webb,23,CB,71,190,28,5,William & Mary
Giants,Michael Thomas,31,S,71,195,28,6,Stanford
Giants,Jonathan Stewart,28,RB,70,240,31,11,Oregon
Giants,Nate Solder,76,T,80,325,30,8,Colorado
Giants,Curtis Riley,35,CB,72,190,26,4,Fresno State
Giants,Patrick Omameh,70,G,76,327,28,6,Michigan
Giants,Alec Ogletree,52,LB,74,235,26,6,Georgia
Giants,Kareem Martin,96,OLB,78,272,26,5,North Carolina
Giants,Cody Latimer,12,WR,74,215,25,5,Indiana
Giants,Riley Dixon,9,P,76,221,25,3,Syracuse
Giants,Kyle Lauletta,17,QB,74,222,23,0,Richmond
Giants,B.J. Hill,95,DT,75,311,23,0,North Carolina State
Giants,Lorenzo Carter,59,OLB,77,250,22,0,Georgia
Giants,Will Hernandez,71,G,74,327,23,0,UTEP
Giants,Saquon Barkley,26,RB,71,233,21,0,Penn State
Giants,"Odell Beckham, Jr.",13,WR,71,198,25,5,LSU
Giants,Eli Apple,24,CB,73,201,23,3,Ohio State
Giants,Ray-Ray Armstrong,55,OLB,75,220,27,6,Miami
Giants,Shane Smith,43,FB,73,241,25,2,San Jose State
Giants,Janoris Jenkins,20,CB,70,190,29,7,North Alabama
Giants,Dalvin Tomlinson,94,DT,75,317,24,2,Alabama
Giants,Rhett Ellison,85,TE,77,255,29,7,USC
Giants,Eli Manning,10,QB,77,220,37,15,Mississippi
Giants,B.J. Goodson,93,ILB,73,241,25,3,Clemson
Giants,Landon Collins,21,S,72,218,24,4,Alabama
Giants,Zak DeOssie,51,LS,77,250,34,12,Brown
Giants,Chad Wheeler,63,T,79,312,24,2,USC
Giants,Aldrick Rosas,2,K,75,221,23,2,Southern Oregon
Giants,Olivier Vernon,54,OLB,74,262,27,7,Miami
Giants,Damon Harrison,98,DT,75,341,29,7,William Penn
Giants,Jon Halapio,75,OL,75,315,27,2,Florida
Giants,Ereck Flowers,74,T,78,325,24,4,Miami
Giants,Donte Deayon,38,CB,69,163,24,2,Boise State
Giants,Sterling Shepard,87,WR,70,201,24,3,Oklahoma
Giants,Evan Engram,88,TE,75,240,24,2,Mississippi
Giants,John Greco,73,G,76,318,33,11,Toledo
Giants,Wayne Gallman,22,RB,72,210,23,2,Clemson
Giants,Sam Beal,41,CB,73,177,22,0,Western Michigan
Giants,Nick Gates,65,G,77,307,22,0,Nebraska
Giants,Jordan Williams,79,OLB,76,272,25,1,Tennessee
Giants,Thurston Armbrister,57,ILB,75,235,25,3,Miami
Giants,Kristjan Sokoli,60,DT,77,300,26,2,Buffalo
Giants,Darian Thompson,27,S,74,208,25,3,Boise State
Giants,RJ McIntosh,90,DT,76,291,22,0,Miami
Giants,Paul Perkins,23,RB,71,213,23,3,UCLA
Giants,Josh Mauro,97,DE,78,282,27,5,Stanford
Panthers,Chris Clark,74,T,77,305,32,9,Southern Mississippi
Panthers,Corey Robinson,77,T,79,315,26,4,South Carolina
Panthers,Vernon Butler,92,DT,76,330,24,3,Louisiana Tech
Panthers,Jermaine Carter,56,LB,72,225,23,0,Maryland
Panthers,Marquis Haynes,98,DE,74,235,24,0,Mississippi
Panthers,Taylor Heinicke,6,QB,73,210,25,3,Old Dominion
Panthers,Brendan Mahon,63,G,76,320,23,0,Penn State
Panthers,Dontari Poe,95,DT,75,346,28,7,Memphis
Panthers,Da'Norris Searcy,21,S,71,205,29,8,North Carolina
Panthers,Amini Silatolu,65,G,76,305,30,6,Midwestern State
Panthers,Andre Smith,57,LB,72,240,21,0,North Carolina
Panthers,Ian Thomas,80,TE,75,260,22,0,Indiana
Panthers,Jarius Wright,13,WR,70,190,28,7,Arkansas
Panthers,C.J. Anderson,20,RB,68,225,27,6,California
Panthers,Rashaan Gaulden,28,S,72,200,23,0,Tennessee
Panthers,Donte Jackson,26,CB,70,180,22,0,LSU
Panthers,DJ Moore,12,WR,71,215,21,0,Maryland
Panthers,Damiere Byrd,18,WR,69,180,25,3,South Carolina
Panthers,Michael Palardy,5,P,71,200,26,3,Tennessee
Panthers,J.J. Jansen,44,LS,74,235,32,11,Notre Dame
Panthers,Chris Manhertz,82,TE,78,255,26,3,Canisius
Panthers,Lorenzo Doss,31,CB,71,185,24,4,Tulane
Panthers,Julius Peppers,90,DE,79,295,38,17,North Carolina
Panthers,Mike Adams,29,S,71,205,37,15,Delaware
Panthers,Luke Kuechly,59,LB,75,238,27,7,Boston College
Panthers,Jared Norris,52,LB,73,238,25,3,Utah
Panthers,Captain Munnerlyn,41,CB,69,195,30,10,South Carolina
Panthers,James Bradberry,24,CB,73,212,25,3,Samford
Panthers,Shaq Thompson,54,LB,72,230,24,4,Washington
Panthers,Torrey Smith,11,WR,72,205,29,8,Maryland
Panthers,Greg Van Roten,73,G,75,305,28,4,Pennsylvania
Panthers,Curtis Samuel,10,WR,71,195,22,2,Ohio State
Panthers,Trai Turner,70,G,75,315,25,5,LSU
Panthers,Greg Olsen,88,TE,77,255,33,12,Miami (Fla.)
Panthers,Efe Obada,94,DE,78,265,26,1,No College
Panthers,Cam Newton,1,QB,77,245,29,8,Auburn
Panthers,Christian McCaffrey,22,RB,71,205,22,2,Stanford
Panthers,Kawann Short,99,DT,75,315,29,6,Purdue
Panthers,David Mayo,55,LB,74,245,25,4,Texas State
Panthers,Ryan Kalil,67,C,74,300,33,12,USC
Panthers,Tyler Larsen,69,C,76,325,27,3,Utah State
Panthers,Wes Horton,96,DE,77,265,28,6,USC
Panthers,Graham Gano,9,K,74,202,31,9,Florida State
Panthers,Devin Funchess,17,WR,76,225,24,4,Michigan
Panthers,Corn Elder,35,CB,70,185,23,2,Miami (Fla.)
Panthers,Cameron Artis-Payne,34,RB,70,215,28,4,Auburn
Panthers,Alex Armah,40,FB,74,255,24,2,West Georgia
Panthers,Ben Jacobs,53,LB,76,240,30,4,Fresno State
Panthers,Mario Addison,97,DE,75,260,31,8,Troy
Panthers,Colin Jones,42,S,72,205,30,8,Texas Christian
Panthers,Taylor Moton,72,T,77,325,24,2,Western Michigan
Panthers,Bryan Cox Jr.,91,DE,75,270,24,2,Florida
Panthers,Kyle Love,93,DT,73,310,31,7,Mississippi State
Panthers,Ross Cockrell,47,CB,72,190,27,5,Duke
Panthers,Elijah Hood,30,RB,71,230,22,1,North Carolina
Panthers,Daryl Williams,60,T,78,330,26,4,Oklahoma
Panthers,Damian Parms,25,S,74,210,25,1,Florida Atlantic
Panthers,Kevon Seymour,27,CB,72,185,24,3,USC
Panthers,Fozzy Whittaker,43,RB,70,205,29,6,Texas
Panthers,Matt Kalil,75,T,79,315,29,7,USC
Panthers,Fred Ross,2,WR,74,210,23,2,Mississippi State
Panthers,Thomas Davis,58,LB,73,235,35,14,Georgia
Texans,Shareece Wright,43,CB,71,184,31,8,USC
Texans,Joe Webb,5,QB,76,231,31,9,Alabama-Birmingham
Texans,Roderick Johnson,63,T,78,306,22,2,Florida State
Texans,A.J. Moore,33,S,71,200,22,0,Mississippi
Texans,Natrell Jamerson,31,S,72,200,22,0,Wisconsin
Texans,Buddy Howell,38,RB,73,218,22,0,Florida Atlantic
Texans,Kayvon Webster,36,CB,71,193,27,6,South Florida
Texans,Johnson Bademosi,23,CB,72,219,28,7,Stanford
Texans,Keke Coutee,16,WR,71,180,21,0,Texas Tech
Texans,Greg Mancz,65,C/G,76,302,26,4,Toledo
Texans,Martinas Rankin,75,T,77,311,23,0,Mississippi State
Texans,Bruce Ellington,12,WR,69,195,27,5,South Carolina
Texans,Jordan Akins,88,TE,76,243,26,0,Central Florida
Texans,Alfred Blue,28,RB,74,229,27,5,LSU
Texans,Trevor Daniel,8,P,73,231,23,0,Tennessee
Texans,Duke Ejiofor,53,OLB,76,255,23,0,Wake Forest
Texans,Brian Peters,52,ILB,76,237,29,4,Northwestern
Texans,Peter Kalambayi,58,OLB,75,254,23,0,Stanford
Texans,Tyrann Mathieu,32,S,69,190,26,6,LSU
Texans,Jordan Thomas,83,TE,77,277,22,0,Mississippi State
Texans,Justin Reid,20,S,73,203,21,0,Stanford
Texans,Vyncint Smith,17,WR,75,202,22,0,Limestone College
Texans,Brandon Weeden,3,QB,75,227,34,7,Oklahoma State
Texans,Sammie Coates Jr.,18,WR,73,213,25,4,Auburn
Texans,Christian Covington,95,DE,74,310,24,4,Rice
Texans,Dylan Cole,51,ILB,72,237,24,2,Missouri State
Texans,Angelo Blackson,97,DE,76,319,25,4,Auburn
Texans,Jadeveon Clowney,90,DE/OLB,77,255,25,5,South Carolina
Texans,Johnathan Joseph,24,CB,71,186,34,13,South Carolina
Texans,J.J. Watt,99,DE,77,288,29,8,Wisconsin
Texans,Deshaun Watson,4,QB,74,220,23,2,Clemson
Texans,Benardrick McKinney,55,ILB,76,257,25,4,Mississippi State
Texans,Senio Kelemete,64,G,75,301,28,6,Washington
Texans,Nick Martin,66,C,76,295,25,3,Notre Dame
Texans,Jon Weeks,46,LS,70,242,32,9,Baylor
Texans,Kareem Jackson,25,S,70,183,30,9,Alabama
Texans,Ka'imi Fairbairn,7,K,72,183,24,3,UCLA
Texans,Tyler Ervin,21,RB,70,182,24,3,San Jose State
Texans,Lamar Miller,26,RB,70,221,27,7,Miami (Fla.)
Texans,Kendall Lamm,74,T,78,299,26,4,Appalachian State
Texans,DeAndre Hopkins,10,WR,73,212,26,6,Clemson
Texans,Aaron Colvin,22,CB,72,191,26,5,Oklahoma
Texans,Zach Fulton,73,C/G,77,321,27,5,Tennessee
Texans,Carlos Watkins,91,DE,75,297,24,2,Clemson
Texans,Brennan Scarlett,57,OLB,76,263,25,3,Stanford
Texans,D.J. Reader,98,NT,75,347,24,3,Clemson
Texans,Whitney Mercilus,59,OLB,76,258,28,7,Illinois
Texans,Ryan Griffin,84,TE,78,264,28,6,Connecticut
Texans,Brandon Dunn,92,NT,74,310,26,3,Louisville
Texans,Will Fuller V,15,WR,72,184,24,3,Notre Dame
Texans,Joel Heath,93,DE,78,302,25,3,Michigan State
Texans,Zach Cunningham,41,ILB,75,238,23,2,Vanderbilt
Texans,Julie'n Davenport,70,T,79,325,23,2,Bucknell
Texans,Jevoni Robinson,81,TE,80,225,25,1,Barry University
Texans,Kevin Johnson,30,CB,72,182,26,4,Wake Forest
Texans,Seantrel Henderson,76,T,79,351,26,5,Miami (Fla.)
Texans,Jermaine Kelly Jr.,35,CB,73,204,23,0,San Jose State
Texans,Andre Hal,29,S,70,184,26,5,Vanderbilt
Texans,D'Onta Foreman,27,RB,73,236,22,2,Texas
Buccaneers,Marcus Williams,22,CB,71,196,27,5,North Dakota State
Buccaneers,Carl Nassib,94,DE,79,275,25,3,Penn State
Buccaneers,Garrison Sanborn,89,LS,73,240,33,10,Florida State
Buccaneers,Jerel Worthy,56,DT,74,298,28,5,Michigan State
Buccaneers,Justin Watson,17,WR,75,215,23,0,Pennsylvania
Buccaneers,M.J. Stewart,36,CB,71,200,23,0,North Carolina
Buccaneers,Ronald Jones,27,RB,71,208,21,0,USC
Buccaneers,Carlton Davis,33,CB,73,206,21,0,Auburn
Buccaneers,Jordan Whitehead,31,S,70,198,21,0,Pittsburgh
Buccaneers,Jack Cichy,48,LB,74,238,22,0,Wisconsin
Buccaneers,Vita Vea,50,DT,76,347,23,0,Washington
Buccaneers,Shaun Wilson,38,RB,69,185,22,0,Duke
Buccaneers,Alex Cappa,65,OL,78,305,23,0,Humboldt State
Buccaneers,Adam Humphries,10,WR,71,195,25,4,Clemson
Buccaneers,Will Clarke,95,DE,78,275,27,5,West Virginia
Buccaneers,Chandler Catanzaro,7,K,75,200,27,5,Clemson
Buccaneers,Vinny Curry,97,DE,75,279,30,7,Marshall
Buccaneers,Brent Grimes,24,CB,70,185,35,12,Shippensburg
Buccaneers,Ryan Jensen,66,C,76,319,27,5,Colorado State-Pueblo
Buccaneers,Cameron Lynch,52,LB,72,229,25,4,Syracuse
Buccaneers,Evan Smith,62,OL,74,308,32,9,Idaho State
Buccaneers,Jason Pierre-Paul,90,DE,77,275,29,9,South Florida
Buccaneers,Noah Spence,57,DE,74,251,24,3,Eastern Kentucky
Buccaneers,Ali Marpet,74,G,76,307,25,4,Hobart
Buccaneers,Ryan Griffin,4,QB,77,210,28,5,Tulane
Buccaneers,Leonard Wester,61,T,78,305,25,3,Missouri Western State
Buccaneers,Ryan Smith,29,CB,71,189,25,3,North Carolina Central
Buccaneers,Michael Liedtke,67,OL,75,305,26,1,Illinois State
Buccaneers,William Gholston,92,DE,78,281,27,6,Michigan State
Buccaneers,Jacquizz Rodgers,32,RB,66,205,28,8,Oregon State
Buccaneers,Beau Allen,91,DT,75,327,26,5,Wisconsin
Buccaneers,Mike Evans,13,WR,77,231,25,5,Texas A&M
Buccaneers,Antony Auclair,82,TE,78,256,25,2,Laval (Canada)
Buccaneers,Bryan Anger,9,P,75,205,29,7,California
Buccaneers,Isaiah Johnson,39,S,72,209,25,1,South Carolina
Buccaneers,Justin Evans,21,S,72,199,23,2,Texas A&M
Buccaneers,Gerald McCoy,93,DT,76,300,30,9,Oklahoma
Buccaneers,DeSean Jackson,11,WR,70,175,31,11,California
Buccaneers,Javien Elliott,35,CB,71,176,25,3,Florida State
Buccaneers,Donovan Smith,76,T,78,338,25,4,Penn State
Buccaneers,Ryan Fitzpatrick,14,QB,74,223,35,14,Harvard
Buccaneers,Caleb Benenoch,77,OL,77,305,24,3,UCLA
Buccaneers,Demar Dotson,69,T,81,315,32,10,Southern Mississippi
Buccaneers,Kwon Alexander,58,LB,73,227,24,4,LSU
Buccaneers,Alan Cross,45,TE,73,235,25,3,Memphis
Buccaneers,Freddie Martino,16,WR,72,195,27,3,North Greenville
Buccaneers,O.J. Howard,80,TE,78,251,23,2,Alabama
Buccaneers,Adarius Taylor,53,LB,73,230,28,4,Florida Atlantic
Buccaneers,Cameron Brate,84,TE,77,245,27,4,Harvard
Buccaneers,Chris Godwin,12,WR,73,209,22,2,Penn State
Buccaneers,Peyton Barber,25,RB,71,225,24,3,Auburn
Buccaneers,Chris Conte,23,S,74,203,29,8,California
Buccaneers,Lavonte David,54,LB,73,233,28,7,Nebraska
Buccaneers,Amari Coleman,44,CB,70,183,21,0,Central Michigan
Buccaneers,Cole Gardner,68,T,78,301,24,2,Eastern Michigan
Buccaneers,Sergio Bailey,83,WR,72,186,24,0,Eastern Michigan
Buccaneers,Mitch Unrein,98,DT,76,301,31,8,Wyoming
Buccaneers,Maurice Fleming,30,DB,71,202,24,1,West Virginia
Buccaneers,Stevie Tu'ikolovatu,96,DT,73,320,27,2,USC
Buccaneers,Vernon Hargreaves,28,CB,70,204,23,3,Florida
Buccaneers,Kendell Beckwith,51,LB,74,243,23,2,LSU
Buccaneers,Jameis Winston,3,QB,76,231,24,4,Florida State
49ers,Terence Garvin,57,LB,75,242,27,6,West Virginia
49ers,Matt Tobin,64,OL,78,310,28,6,Iowa
49ers,Shon Coleman,78,T,77,310,26,3,Auburn
49ers,Alfred Morris,46,RB,70,222,29,7,Florida Atlantic
49ers,Mike Person,68,OL,76,300,30,8,Montana State
49ers,Najee Toran,66,OL,74,305,22,0,UCLA
49ers,Richie James Jr.,13,WR,69,185,23,0,Middle Tennessee State
49ers,Jullian Taylor,77,DT,77,280,23,0,Temple
49ers,D.J. Reed Jr.,32,DB,69,188,21,0,Kansas State
49ers,Tarvarius Moore,33,DB,74,200,22,0,Southern Miss
49ers,Fred Warner,48,LB,75,236,21,0,BYU
49ers,Dante Pettis,18,WR,73,195,22,0,Washington
49ers,Mike McGlinchey,69,T,80,315,24,0,Notre Dame
49ers,Weston Richburg,58,C,76,290,27,5,Colorado State
49ers,Richard Sherman,25,CB,75,195,30,8,Stanford
49ers,Elijah Lee,47,LB,74,229,22,2,Kansas State
49ers,Mark Nzeocha,53,LB,75,240,28,4,Wyoming
49ers,Bradley Pinion,5,P,77,240,24,4,Clemson
49ers,Joe Staley,74,T,77,295,34,12,Central Michigan
49ers,Malcolm Smith,51,LB,72,225,29,8,USC
49ers,Ahkello Witherspoon,23,CB,74,195,23,2,Colorado
49ers,K'Waun Williams,24,CB,69,185,27,4,Pittsburgh
49ers,Cole Wick,89,TE,78,257,24,2,Incarnate Word (Tex.)
49ers,Jimmie Ward,20,DB,71,193,27,5,Northern Illinois
49ers,Laken Tomlinson,75,OL,75,312,26,4,Duke
49ers,Solomon Thomas,94,DL,74,280,23,2,Stanford
49ers,Trent Taylor,81,WR,68,180,24,2,Louisiana Tech
49ers,Greg Mabin,26,CB,73,200,24,2,Iowa
49ers,Jaquiski Tartt,29,S,73,215,26,4,Samford
49ers,Erik Magnuson,62,OL,76,305,24,2,Michigan
49ers,Cassius Marsh,54,DL,76,245,26,5,UCLA
49ers,Kyle Nelson,86,LS/TE,74,240,31,7,New Mexico State
49ers,Joshua Garnett,65,G,77,305,24,3,Stanford
49ers,Earl Mitchell,90,NT,75,310,30,9,Arizona
49ers,Raheem Mostert,31,RB,70,197,26,4,Purdue
49ers,Robbie Gould,9,K,72,190,35,14,Penn State
49ers,Marquise Goodwin,11,WR,69,180,27,6,Texas
49ers,Garry Gilliam,76,OL,77,305,27,5,Penn State
49ers,George Kittle,85,TE,76,250,24,2,Iowa
49ers,Antone Exum Jr.,38,DB,72,219,27,5,Virginia Tech
49ers,Sheldon Day,96,DL,73,294,24,3,Notre Dame
49ers,Adrian Colbert,27,DB,74,205,24,2,Miami (Fla.)
49ers,Garrett Celek,88,TE,77,252,30,7,Michigan State
49ers,DeForest Buckner,99,DL,79,300,24,3,Oregon
49ers,Kendrick Bourne,84,WR,73,203,23,2,Eastern Washington
49ers,Matt Breida,22,RB,70,190,23,2,Georgia Southern
49ers,Ronald Blair III,98,DL,76,270,25,3,Appalachian State
49ers,C.J. Beathard,3,QB,74,215,24,2,Iowa
49ers,Arik Armstead,91,DL,79,292,24,4,Oregon
49ers,D.J. Jones,93,DL,72,321,23,2,Mississippi
49ers,Pierre Garçon,15,WR,72,211,32,11,Mount Union
49ers,Jimmy Garoppolo,10,QB,74,225,26,5,Eastern Illinois
49ers,Kyle Juszczyk,44,FB,73,240,27,6,Harvard
49ers,JP Flynn,60,OL,77,320,25,1,Montana State
49ers,Marcell Harris,36,S,72,208,24,0,Florida
49ers,Jerick McKinnon,28,RB,69,205,26,5,Georgia Southern
49ers,Dekoda Watson,97,LB,74,245,30,9,Florida State
49ers,Brock Coyle,50,LB,73,245,27,5,Montana
49ers,Kentavius Street,95,DL,74,287,22,0,N.C. State
49ers,Reuben Foster,56,LB,73,228,24,2,Alabama
49ers,Victor Bolden Jr.,17,WR,68,178,23,2,Oregon State
Cardinals,Blaine Clausell,75,OL,78,330,26,1,Mississippi State
Cardinals,Zach Moore,56,DE,78,275,28,2,Concordia-St. Paul
Cardinals,Jeremy Vujnovich,68,OL,77,300,27,2,Louisiana Coll.
Cardinals,Garrison Smith,97,DT,73,295,26,5,Georgia
Cardinals,Gerald Hodges,51,LB,74,236,27,6,Penn State
Cardinals,Jacquies Smith,96,DE,74,260,28,4,Missouri
Cardinals,Tre Boston,33,S,73,205,26,5,North Carolina
Cardinals,Dennis Gardeck,92,LB,72,242,24,0,Sioux Falls
Cardinals,Zeke Turner,47,LB,74,214,22,0,Washington
Cardinals,Deatrick Nichols,39,CB,70,189,24,0,South Florida
Cardinals,Trent Sherfield,16,WR,73,205,22,0,Vanderbilt
Cardinals,Jamar Taylor,28,CB,71,192,27,6,Boise State
Cardinals,Derrick Coleman,32,FB,72,233,27,5,UCLA
Cardinals,Christian Kirk,13,WR,71,200,21,0,Texas A&M
Cardinals,Mason Cole,64,OL,77,292,22,0,Michigan
Cardinals,Chase Edmonds,29,RB,69,210,22,0,Fordham
Cardinals,Korey Cunningham,79,OL,78,305,23,0,Cincinnati
Cardinals,Josh Rosen,3,QB,76,218,21,0,UCLA
Cardinals,Mike Glennon,7,QB,78,229,28,6,North Carolina State
Cardinals,Bene' Benwikere,23,CB,72,195,27,5,San Jose State
Cardinals,Andre Smith,71,OL,76,330,31,10,Alabama
Cardinals,Justin Pugh,67,OL,77,311,28,6,Syracuse
Cardinals,Daniel Munyer,62,OL,73,305,26,2,Colorado
Cardinals,Benson Mayowa,91,DE,75,265,27,6,Idaho
Cardinals,Sam Bradford,9,QB,76,224,30,9,Oklahoma
Cardinals,Chad Williams,10,WR,73,204,23,2,Grambling State
Cardinals,T.J. Logan,22,RB,70,196,24,2,North Carolina
Cardinals,Deone Bucannon,20,LB,73,211,26,5,Washington State
Cardinals,Corey Peters,98,DT,75,305,30,9,Kentucky
Cardinals,Ricky Seals-Jones,86,TE,77,243,23,2,Texas A&M
Cardinals,David Johnson,31,RB,73,224,26,4,Northern Iowa
Cardinals,Jermaine Gresham,84,TE,77,260,30,9,Oklahoma
Cardinals,Mike Iupati,76,OL,77,331,31,9,Idaho
Cardinals,Josh Bynes,57,LB,73,235,29,7,Auburn
Cardinals,Larry Fitzgerald,11,WR,75,218,35,15,Pittsburgh
Cardinals,Haason Reddick,43,LB,73,235,24,2,Temple
Cardinals,Patrick Peterson,21,CB,73,203,28,8,LSU
Cardinals,Markus Golden,44,DE,75,260,27,4,Missouri
Cardinals,Chandler Jones,55,DE,77,265,28,7,Syracuse
Cardinals,Brandon Williams,26,CB,72,200,26,3,Texas A&M
Cardinals,John Wetzel,73,OL,79,328,27,3,Boston College
Cardinals,Robert Nkemdiche,90,DT,76,296,24,3,Mississippi
Cardinals,Aaron Brewer,46,LS,77,232,28,7,San Diego State
Cardinals,Rodney Gunter,95,DT,77,305,26,4,Delaware State
Cardinals,D.J. Humphries,74,OL,77,307,24,4,Florida
Cardinals,Antoine Bethea,41,S,71,206,34,13,Howard
Cardinals,Phil Dawson,4,K,71,200,43,20,Texas
Cardinals,Rudy Ford,30,S,71,204,23,2,Auburn
Cardinals,Olsen Pierre,72,DT,76,293,27,3,Miami (Fla.)
Cardinals,J.J. Nelson,14,WR,70,160,26,4,Alabama-Birmingham
Cardinals,Andy Lee,2,P,73,185,36,15,Pittsburgh
Cardinals,Gabe Holmes,85,TE,76,255,27,3,Purdue
Cardinals,Budda Baker,36,S,70,195,22,2,Washington
Cardinals,Arthur Moats,93,DE,72,246,30,9,James Madison
Cardinals,Jonathan Owens,42,S,71,210,23,0,Missouri Western State
Cardinals,Jeremy Cash,52,LB,72,230,25,3,Duke
Cardinals,Gabe Martin,50,LB,74,236,26,2,Bowling Green State
Cardinals,A.Q. Shipley,53,OL,73,307,32,7,Penn State
Cardinals,D.J. Foster,37,RB,72,195,24,3,Arizona State
Bengals,Mark Walton,32,RB,70,202,21,0,Miami (Fla.)
Bengals,Auden Tate,19,WR,77,228,21,0,Florida State
Bengals,Billy Price,53,C,76,308,23,0,Ohio State
Bengals,Darius Phillips,23,CB,70,190,22,0,Western Michigan
Bengals,Malik Jefferson,45,LB,74,241,21,0,Texas
Bengals,Sam Hubbard,94,DE,77,265,23,0,Ohio State
Bengals,Jake Fisher,74,OT,78,305,25,4,Oregon
Bengals,Preston Brown,52,LB,73,251,25,5,Louisville
Bengals,Jessie Bates,30,S,73,200,21,0,Wake Forest
Bengals,Kevin Huber,10,P,73,210,33,10,Cincinnati
Bengals,Tyler Eifert,85,TE,78,255,28,6,Notre Dame
Bengals,Nick Vigil,59,LB,74,240,25,3,Utah State
Bengals,John Ross,15,WR,71,190,23,2,Washington
Bengals,Mason Schreck,86,TE,77,252,24,2,Buffalo
Bengals,Jeff Driskel,6,QB,76,233,25,3,Louisiana Tech
Bengals,Tra Carson,33,HB,71,228,25,2,Texas A&M
Bengals,Brandon Wilson,40,S,70,200,24,2,Houston
Bengals,Cedric Ogbuehi,70,OT,77,308,26,4,Texas A&M
Bengals,Josh Malone,80,WR,75,205,22,2,Tennessee
Bengals,Tony McRae,29,CB,70,185,25,2,North Carolina A&T
Bengals,Jordan Evans,50,LB,75,242,23,2,Oklahoma
Bengals,Shawn Williams,36,S,72,212,27,6,Georgia
Bengals,Christian Westerman,63,G,75,305,25,3,Arizona State
Bengals,Hardy Nickerson,56,LB,72,235,24,2,Illinois
Bengals,Tyler Kroft,81,TE,78,252,25,4,Rutgers
Bengals,Clayton Fejedelem,42,S,72,205,25,3,Illinois
Bengals,Vincent Rey,57,LB,72,240,31,8,Duke
Bengals,Ryan Glasgow,98,DT,75,300,24,2,Michigan
Bengals,Andy Dalton,14,QB,74,220,30,8,Texas Christian
Bengals,Clint Boling,65,G,77,305,29,8,Georgia
Bengals,Trey Hopkins,66,G/C,75,316,26,3,Texas
Bengals,Jordan Willis,75,DE,76,275,23,2,Kansas State
Bengals,Alex Erickson,12,WR,72,195,25,3,Wisconsin
Bengals,C.J. Uzomah,87,TE,78,265,25,4,Auburn
Bengals,Josh Tupou,91,DT,75,345,24,2,Colorado
Bengals,Dre Kirkpatrick,27,CB,74,196,28,7,Alabama
Bengals,Bobby Hart,68,OT,77,318,24,4,Florida State
Bengals,Clark Harris,46,LS,77,250,34,10,Rutgers
Bengals,Alex Redmond,62,G,77,310,23,2,UCLA
Bengals,Carlos Dunlap,96,DE,78,280,29,9,Florida
Bengals,Cody Core,16,WR,75,210,24,3,Mississippi
Bengals,Carl Lawson,58,DE,74,265,23,2,Auburn
Bengals,Michael Johnson,90,DE,79,280,31,10,Georgia Tech
Bengals,Tyler Boyd,83,WR,74,203,23,3,Pittsburgh
Bengals,A.J. Green,18,WR,76,210,30,8,Georgia
Bengals,Randy Bullock,4,K,69,210,28,7,Texas A&M
Bengals,Giovani Bernard,25,HB,69,205,26,6,North Carolina
Bengals,Joe Mixon,28,HB,73,220,22,2,Oklahoma
Bengals,Geno Atkins,97,DT,73,300,30,9,Georgia
Bengals,Cordy Glenn,77,OT,78,345,29,7,Georgia
Bengals,William Jackson,22,CB,72,196,25,3,Houston
Bengals,Andrew Billings,99,DT,73,325,23,3,Baylor
Bengals,Darqueze Dennard,21,CB,71,200,26,5,Michigan State
Bengals,Rod Taylor,64,OG,75,320,23,0,Mississippi
Bengals,Trayvon Henderson,41,S,72,209,23,0,Hawaii
Bengals,Davontae Harris,35,CB,71,200,23,0,Illinois State
Bengals,Cethan Carter,82,TE,75,245,25,2,Nebraska
Bengals,Vontaze Burfict,55,LB,73,255,27,7,Arizona State
Chiefs,Austin Reiter,62,OL,75,300,26,3,South Florida
Chiefs,Ron Parker,38,DB,72,206,31,8,Newberry
Chiefs,Jordan Lucas,24,DB,72,190,25,3,Penn State
Chiefs,Charvarius Ward,35,DB,73,200,22,0,Middle Tennessee State
Chiefs,Breeland Speaks,57,LB,75,285,22,0,Mississippi
Chiefs,Orlando Scandrick,22,DB,70,196,31,11,Boise State
Chiefs,Xavier Williams,98,DL,74,309,26,4,Northern Iowa
Chiefs,Darrel Williams,31,RB,73,229,23,0,LSU
Chiefs,Damien Williams,26,RB,71,224,26,5,Oklahoma
Chiefs,Armani Watts,25,DB,71,205,22,0,Texas A&M
Chiefs,Sammy Watkins,14,WR,73,211,25,5,Clemson
Chiefs,Tremon Smith,39,DB,72,190,22,0,Central Arkansas
Chiefs,Dorian O'Daniel,44,LB,73,223,24,0,Clemson
Chiefs,Derrick Nnadi,91,DL,73,317,22,0,Florida State
Chiefs,Ben Niemann,56,LB,75,233,23,0,Iowa
Chiefs,Kahlil McKenzie,66,OL,75,320,21,0,Tennessee
Chiefs,Anthony Hitchens,53,LB,72,235,26,5,Iowa
Chiefs,Chad Henne,4,QB,75,222,33,11,Michigan
Chiefs,Alex Ellis,82,TE,76,236,25,2,Tennessee
Chiefs,Jordan Devey,65,OL,78,320,30,5,Memphis
Chiefs,Dustin Colquitt,2,P,75,210,36,14,Tennessee
Chiefs,Andrew Wylie,77,OL,78,309,24,1,Eastern Michigan
Chiefs,Steven Nelson,20,DB,71,194,25,4,Oregon State
Chiefs,Demarcus Robinson,11,WR,73,203,24,3,Florida
Chiefs,Spencer Ware,32,RB,70,229,26,5,LSU
Chiefs,Eric Murray,21,DB,71,199,24,3,Minnesota
Chiefs,Mitch Morse,61,OL,78,305,26,4,Missouri
Chiefs,Tyreek Hill,10,WR,70,185,24,3,West Alabama
Chiefs,Reggie Ragland,59,LB,74,252,24,3,Alabama
Chiefs,Terrance Smith,48,LB,74,235,25,3,Florida State
Chiefs,Eric Fisher,72,OL,79,315,27,6,Central Michigan
Chiefs,Kendall Fuller,23,DB,71,198,23,3,Virginia Tech
Chiefs,Demetrius Harris,84,TE,79,230,27,5,Wis.-Milwaukee
Chiefs,Patrick Mahomes,15,QB,75,230,23,2,Texas Tech
Chiefs,De'Anthony Thomas,13,WR,68,176,25,5,Oregon
Chiefs,Mitchell Schwartz,71,OL,77,320,29,7,California
Chiefs,James Winchester,41,LS,75,240,29,4,Oklahoma
Chiefs,Tanoh Kpassagnon,92,LB,79,289,24,2,Villanova
Chiefs,Travis Kelce,87,TE,77,260,28,6,Cincinnati
Chiefs,Anthony Sherman,42,FB,70,242,29,8,Connecticut
Chiefs,Justin Houston,50,LB,75,258,29,8,Georgia
Chiefs,Dee Ford,55,LB,74,252,27,5,Auburn
Chiefs,Marcus Kemp,19,WR,76,210,23,1,Hawaii
Chiefs,Cam Erving,75,OL,77,313,26,4,Florida State
Chiefs,Chris Conley,17,WR,75,205,25,4,Georgia
Chiefs,Chris Jones,95,DL,78,310,24,3,Mississippi State
Chiefs,Jarvis Jenkins,94,DL,76,300,30,7,Clemson
Chiefs,Laurent Duvernay-Tardif,76,OL,77,321,27,5,McGill (Canada)
Chiefs,Harrison Butker,7,K,75,205,23,2,Georgia Tech
Chiefs,Justin Hamilton,74,DL,74,315,25,2,Louisiana-Lafayette
Chiefs,Allen Bailey,97,DL,75,288,29,8,Miami (Fla.)
Chiefs,Kareem Hunt,27,RB,71,216,23,2,Toledo
Chiefs,Eric Berry,29,DB,72,212,29,9,Tennessee
Chiefs,Byron Pringle,1,WR,74,205,24,0,Kansas State
Chiefs,J.D. Moore,43,RB,76,236,23,0,LSU
Chiefs,Tejan Koroma,73,OL,72,290,22,0,Brigham Young
Chiefs,Step Durham,47,DB,71,194,23,0,Georgia Tech
Chiefs,Dillon Gordon,64,OL,76,322,25,2,LSU
Chiefs,Daniel Sorensen,49,DB,74,208,28,5,Brigham Young
Jaguars,Andrew Norwell,68,OL,78,325,26,5,Ohio State
Jaguars,Tre Herndon,41,CB,71,185,22,0,Vanderbilt
Jaguars,Logan Cooke,9,P,77,200,23,0,Mississippi State
Jaguars,Leon Jacobs,48,LB,74,245,22,0,Wisconsin
Jaguars,Will Richardson Jr.,76,OL,78,303,22,0,North Carolina State
Jaguars,Ronnie Harrison,36,S,75,214,21,0,Alabama
Jaguars,DJ Chark Jr.,17,WR,76,198,21,0,LSU
Jaguars,Taven Bryan,90,DL,76,291,22,0,Florida
Jaguars,Cody Kessler,6,QB,73,215,25,3,USC
Jaguars,Lerentee McCray,55,DE,75,249,28,6,Florida
Jaguars,Cody Davis,22,S,74,203,29,6,Texas Tech
Jaguars,Donte Moncrief,10,WR,74,220,25,5,Mississippi
Jaguars,D.J. Hayden,25,CB,71,190,28,6,Houston
Jaguars,Austin Seferian-Jenkins,88,TE,77,262,25,5,Washington
Jaguars,Niles Paul,81,TE,73,242,29,8,Nebraska
Jaguars,Brandon Wilds,34,RB,72,220,25,1,South Carolina
Jaguars,Carson Tinker,46,LS,72,237,28,6,Alabama
Jaguars,T.J. Yeldon,24,RB,73,223,24,4,Alabama
Jaguars,Dede Westbrook,12,WR,72,178,24,2,Oklahoma
Jaguars,Tashaun Gipson Sr.,39,S,71,212,28,7,Wyoming
Jaguars,Jarrod Wilson,26,S,74,210,24,3,Michigan
Jaguars,Jermey Parnell,78,OL,78,326,32,8,Mississippi
Jaguars,Tyler Shatley,69,OL,75,310,27,4,Clemson
Jaguars,Josh Walker,73,OL,77,330,27,4,Middle Tennessee State
Jaguars,A.J. Cann,60,OL,75,325,26,4,South Carolina
Jaguars,Malik Jackson,97,DT,77,290,28,7,Tennessee
Jaguars,Marcell Dareus,99,DT,75,331,28,8,Alabama
Jaguars,Donald Payne,52,LB,71,217,24,2,Stetson
Jaguars,Dante Fowler Jr.,56,DE,75,255,24,4,Florida
Jaguars,James O'Shaughnessy,80,TE,76,245,26,4,Illinois State
Jaguars,Blair Brown,53,LB,71,238,24,2,Ohio U.
Jaguars,Barry Church,42,S,74,218,30,9,Toledo
Jaguars,Calais Campbell,93,DL,80,300,32,11,Miami (Fla.)
Jaguars,Dawuane Smoot,94,DE,75,264,23,2,Illinois
Jaguars,Telvin Smith Sr.,50,LB,75,215,27,5,Florida State
Jaguars,Josh Wells,72,OL,78,306,27,4,James Madison
Jaguars,Jalen Ramsey,20,CB,73,208,23,3,Florida State
Jaguars,Jaydon Mickens,85,WR,70,175,24,2,Washington
Jaguars,Brandon Linder,65,OL,78,315,26,5,Miami (Fla.)
Jaguars,Cam Robinson,74,OL,78,320,22,2,Alabama
Jaguars,Abry Jones,95,DT,76,318,27,6,Georgia
Jaguars,Corey Grant,30,RB,71,203,26,4,Auburn
Jaguars,Chris Reed,64,OL,77,310,26,3,Minnesota State
Jaguars,Leonard Fournette,27,RB,72,228,23,2,LSU
Jaguars,Tyler Patmon,23,CB,70,188,27,4,Oklahoma State
Jaguars,A.J. Bouye,21,CB,72,191,27,6,Central Florida
Jaguars,Eli Ankou,54,DT,75,325,24,2,UCLA
Jaguars,Myles Jack,44,LB,73,244,23,3,UCLA
Jaguars,Josh Lambo,4,K,72,215,27,4,Texas A&M
Jaguars,Yannick Ngakoue,91,DE,74,246,23,3,Maryland
Jaguars,Tommy Bohanon,40,FB,73,246,28,5,Wake Forest
Jaguars,Blake Bortles,5,QB,77,236,26,5,Central Florida
Jaguars,Keelan Cole,84,WR,73,194,25,2,Kentucky Wesleyan
Jaguars,DeAndre Goolsby,49,TE,76,240,22,0,Florida
Jaguars,Kaleb Eulls,98,DT,76,309,27,3,Mississippi State
Jaguars,Michael Hughes,67,DT,74,308,22,0,UNLV
Jaguars,Marqise Lee,11,WR,72,196,26,5,USC
Patriots,Corey Coleman,10,WR,71,185,24,3,Baylor
Patriots,Kenjon Barner,41,RB,69,195,28,5,Oregon
Patriots,Cordarrelle Patterson,84,WR,74,228,27,6,Tennessee
Patriots,Brian Schwenke,63,OL,75,318,27,6,California
Patriots,J.C. Jackson,27,DB,73,198,22,0,Maryland
Patriots,Keion Crossen,35,DB,70,185,22,0,Western Carolina
Patriots,Ja'Whaun Bentley,51,LB,74,255,22,0,Purdue
Patriots,Sony Michel,26,RB,71,215,23,0,Georgia
Patriots,Trent Brown,77,OL,80,380,25,4,Florida
Patriots,LaAdrian Waddle,68,OL,78,315,27,6,Texas Tech
Patriots,Adrian Clayborn,94,DE,75,280,30,8,Iowa
Patriots,Jason McCourty,30,CB,71,195,31,10,Rutgers
Patriots,Danny Shelton,71,DL,74,345,25,4,Washington
Patriots,Lawrence Guy,93,DL,76,315,28,8,Arizona State
Patriots,Joe Cardona,49,LS,75,245,26,4,Navy
Patriots,Marcus Cannon,61,OL,78,335,30,8,Texas Christian
Patriots,Rex Burkhead,34,RB,70,215,28,6,Nebraska
Patriots,Ryan Allen,6,P,74,220,28,6,Louisiana Tech
Patriots,Tom Brady,12,QB,76,225,41,19,Michigan
Patriots,Malcom Brown,90,DL,74,320,24,4,Texas
Patriots,Adam Butler,70,DL,76,300,24,2,Vanderbilt
Patriots,Dwayne Allen,83,TE,75,265,28,7,Clemson
Patriots,David Andrews,60,C,75,300,26,4,Georgia
Patriots,Shaq Mason,69,OL,73,310,25,4,Georgia Tech
Patriots,Devin McCourty,32,DB,70,195,31,9,Rutgers
Patriots,James White,28,RB,70,205,26,5,Wisconsin
Patriots,Dont'a Hightower,54,LB,75,260,28,7,Alabama
Patriots,Kyle Van Noy,53,LB,75,250,27,5,Brigham Young
Patriots,Eric Rowe,25,DB,73,205,25,4,Utah
Patriots,Derek Rivers,95,DE,77,250,24,2,Youngstown State
Patriots,Chris Hogan,15,WR,73,210,30,6,Monmouth (N.J.)
Patriots,Jonathan Jones,31,DB,70,190,25,3,Auburn
Patriots,Brandon King,36,LB,74,220,25,4,Auburn
Patriots,Keionta Davis,58,DL,75,280,24,1,Tennessee-Chattanooga
Patriots,Patrick Chung,23,S,71,215,31,10,Oregon
Patriots,Matthew Slater,18,WR,72,205,33,11,UCLA
Patriots,Joe Thuney,62,OL,77,308,25,3,North Carolina State
Patriots,Elandon Roberts,52,LB,72,238,24,3,Houston
Patriots,Deatrich Wise Jr.,91,DL,77,275,24,2,Arkansas
Patriots,Ted Karras,75,OL,76,305,25,3,Illinois
Patriots,Geneo Grissom,96,DL,76,265,26,4,Oklahoma
Patriots,Rob Gronkowski,87,TE,78,268,29,9,Arizona
Patriots,Julian Edelman,11,WR,70,198,32,10,Kent State
Patriots,Stephen Gostkowski,3,K,73,215,34,13,Memphis
Patriots,Cole Croston,74,OL,77,310,24,2,Iowa
Patriots,Duron Harmon,21,DB,73,205,27,6,Rutgers
Patriots,James Develin,46,FB,75,255,30,6,Brown
Patriots,Brian Hoyer,2,QB,74,216,32,10,Michigan State
Patriots,Jacob Hollister,47,TE,76,245,24,2,Wyoming
Patriots,Stephon Gilmore,24,CB,73,202,28,7,South Carolina
Patriots,Trey Flowers,98,DL,74,265,25,4,Arkansas
Patriots,Nicholas Grigsby,50,LB,74,230,26,2,Pittsburgh
Patriots,Phillip Dorsett,13,WR,70,192,25,4,Miami (Fla.)
Patriots,Nate Ebner,43,DB,72,215,29,7,Ohio State
Patriots,Ryan Izzo,85,TE,77,255,22,0,Florida State
Patriots,Braxton Berrios,14,WR,69,190,22,0,Miami
Patriots,Christian Sam,44,LB,74,240,22,0,Arizona State
Patriots,Duke Dawson Jr.,29,DB,70,198,22,0,Florida
Patriots,Isaiah Wynn,76,OL,74,310,22,0,Georgia
Patriots,Ulrick John,67,OL,77,312,26,5,Georgia State
Patriots,Jeremy Hill,33,RB,73,230,25,5,LSU
Patriots,Darren Andrews,16,WR,70,180,23,0,UCLA
Patriots,Cody Hollister,81,WR,76,215,24,1,Arkansas
Seahawks,Mychal Kendricks,56,LB,71,240,27,7,California
Seahawks,Jordan Simmons,66,G,76,339,24,1,USC
Seahawks,Darrell Daniels,87,TE,75,254,23,2,Washington
Seahawks,Shalom Luani,24,SS,72,202,24,2,Washington State
Seahawks,Brett Hundley,7,QB,75,226,25,4,UCLA
Seahawks,J.R. Sweezy,64,G,77,298,29,6,North Carolina State
Seahawks,Austin Calitro,58,LB,72,240,24,1,Villanova
Seahawks,Brandon Marshall,15,WR,77,232,34,13,UCF
Seahawks,Keenan Reynolds,19,WR,70,191,24,1,Navy
Seahawks,Poona Ford,97,DT,71,310,22,0,Texas
Seahawks,Jacob Martin,59,DE,74,242,21,0,Temple
Seahawks,Michael Dickson,4,P,74,208,22,0,Texas
Seahawks,Tre Flowers,37,CB,75,203,23,0,Oklahoma State
Seahawks,Shaquem Griffin,49,LB,72,227,23,0,UCF
Seahawks,Will Dissly,88,TE,76,265,22,0,Washington
Seahawks,Rasheem Green,94,DE,76,279,21,0,USC
Seahawks,Rashaad Penny,20,RB,71,220,22,0,San Diego St.
Seahawks,Sebastian Janikowski,11,K,73,260,40,19,Florida State
Seahawks,Jaron Brown,18,WR,75,204,28,6,Clemson
Seahawks,D.J. Fluker,78,G/T,77,342,27,6,Alabama
Seahawks,Barkevious Mingo,51,LB,77,235,27,6,LSU
Seahawks,Shamar Stephen,98,DT,77,309,27,5,Connecticut
Seahawks,Doug Baldwin,89,WR,70,192,30,8,Stanford
Seahawks,Jarran Reed,90,DT,75,306,25,3,Alabama
Seahawks,David Moore,83,WR,72,215,23,2,East Central (OK)
Seahawks,Nick Vannett,81,TE,78,261,25,3,Ohio State
Seahawks,Dion Jordan,95,DE,78,284,28,4,Oregon
Seahawks,Quinton Jefferson,99,DT,76,291,25,3,Maryland
Seahawks,Frank Clark,55,DE,75,265,25,4,Michigan
Seahawks,Ethan Pocic,77,C/G,78,320,23,2,LSU
Seahawks,Bobby Wagner,54,LB,72,245,28,7,Utah State
Seahawks,Duane Brown,76,T,76,315,33,11,Virginia Tech
Seahawks,Joey Hunt,53,C,74,299,24,2,Texas Christian University
Seahawks,Delano Hill,42,SS,73,216,22,2,Michigan
Seahawks,Tyler Ott,69,LS,75,253,26,4,Harvard
Seahawks,Justin Britt,68,C,78,315,27,5,Missouri
Seahawks,Germain Ifedi,65,G/T,77,325,24,3,Texas A&M
Seahawks,Mike Davis,27,RB,69,217,25,4,South Carolina
Seahawks,Bradley McDougald,30,FS,73,215,27,6,Kansas
Seahawks,Tedric Thompson,33,FS,72,204,23,2,Colorado
Seahawks,Earl Thomas,29,FS,70,202,29,9,Texas
Seahawks,Justin Coleman,28,CB,71,190,25,4,Tennessee
Seahawks,C.J. Prosise,22,RB,73,225,24,3,Notre Dame
Seahawks,Shaquill Griffin,26,CB,72,198,23,2,UCF
Seahawks,Chris Carson,32,RB,71,222,24,2,Oklahoma State
Seahawks,Neiko Thorpe,23,CB,74,210,28,6,Auburn
Seahawks,Akeem King,36,CB,73,215,25,3,San Jose State
Seahawks,Tre Madden,38,FB,72,235,25,3,USC
Seahawks,Tyler Lockett,16,WR,70,182,25,4,Kansas State
Seahawks,George Fant,74,T,77,322,26,3,Western Kentucky
Seahawks,Nazair Jones,92,DT,77,292,23,2,North Carolina
Seahawks,K.J. Wright,50,LB,76,246,29,8,Mississippi State
Seahawks,Russell Wilson,3,QB,71,215,29,7,Wisconsin
Seahawks,Khalid Hill,40,FB,74,263,23,0,Michigan
Seahawks,Ricky Ali'ifua,61,DE,74,297,26,0,Utah State
Seahawks,Emmanuel Beal,43,LB,72,223,23,0,Oklahoma
Seahawks,T.J. Mutcherson,38,FS,70,197,26,0,UCF
Seahawks,Jamarco Jones,73,T,76,293,22,0,Ohio State
Seahawks,Dontae Johnson,39,CB,74,200,26,5,North Carolina State
Seahawks,J.D. McKissic,21,RB,70,195,25,2,Arkansas State
Seahawks,Ed Dickson,84,TE,76,250,31,9,Oregon
Seahawks,Kam Chancellor,31,SS,75,225,30,9,Virginia Tech
Cowboys,Xavier Su'a-Filo,76,G,76,310,27,5,UCLA
Cowboys,Joe Thomas,48,LB,73,232,27,4,South Carolina State
Cowboys,Ibraheim Campbell,20,S,71,210,26,4,Northwestern
Cowboys,Adam Redmond,61,C / G,78,300,25,1,Harvard
Cowboys,Antwaun Woods,99,DT,73,318,25,1,USC
Cowboys,Tyree Robinson,23,S,74,202,24,0,Oregon
Cowboys,Deonte Thompson,15,WR,72,205,29,6,Florida
Cowboys,Cameron Fleming,75,T,78,320,26,5,Stanford
Cowboys,Brett Maher,2,K,73,183,28,1,Nebraska
Cowboys,Allen Hurns,17,WR,75,201,26,5,Miami (Fla.)
Cowboys,Tavon Austin,10,WR,68,179,28,6,West Virginia
Cowboys,Jamize Olawale,49,FB,73,240,29,6,North Texas
Cowboys,Dalton Schultz,86,TE,77,244,22,0,Stanford
Cowboys,Connor Williams,52,G,77,298,21,0,Texas
Cowboys,Dorance Armstrong,92,DE,76,255,21,0,Kansas
Cowboys,Chris Covington,59,LB,74,245,22,0,Indiana
Cowboys,Mike White,3,QB,76,224,23,0,Western Kentucky
Cowboys,Michael Gallup,13,WR,73,198,22,0,Colorado State
Cowboys,Leighton Vander Esch,55,LB,76,256,21,0,Boise State
Cowboys,Randy Gregory,94,DE,77,255,25,2,Nebraska
Cowboys,Rico Gathers,80,TE,78,285,24,2,Baylor
Cowboys,Tyron Smith,77,T,77,320,27,8,USC
Cowboys,Joe Looney,73,C,75,315,28,6,Wake Forest
Cowboys,Geoff Swaim,87,TE,76,260,25,4,Texas
Cowboys,Rod Smith,45,RB,75,235,26,4,Ohio State
Cowboys,L.P. Ladouceur,91,LS,77,256,37,14,California
Cowboys,Cooper Rush,7,QB,75,225,24,2,Central Michigan
Cowboys,Tyrone Crawford,98,DL,76,290,28,7,Boise State
Cowboys,Justin March-Lillard,53,LB,72,222,25,4,Akron
Cowboys,Daniel Ross,93,DT,75,305,25,2,Northeast Mississippi CC
Cowboys,Jourdan Lewis,27,CB,70,195,23,2,Michigan
Cowboys,Zack Martin,70,G,76,315,27,5,Notre Dame
Cowboys,Blake Jarwin,89,TE,77,260,24,2,Oklahoma State
Cowboys,Travis Frederick,72,C,76,320,27,6,Wisconsin
Cowboys,Terrance Williams,83,WR,74,210,29,6,Baylor
Cowboys,Damien Wilson,57,LB,73,245,25,4,Minnesota
Cowboys,Xavier Woods,25,S,71,202,23,2,Louisiana Tech
Cowboys,Sean Lee,50,LB,74,245,32,9,Penn State
Cowboys,Jaylon Smith,54,LB,74,245,23,2,Notre Dame
Cowboys,Jeff Heath,38,S,73,212,27,6,Saginaw Valley State
Cowboys,Dak Prescott,4,QB,74,238,25,3,Mississippi State
Cowboys,Demarcus Lawrence,90,DE,75,265,26,5,Boise State
Cowboys,Datone Jones,56,DE,77,288,28,6,UCLA
Cowboys,Kavon Frazier,35,S,72,220,24,3,Central Michigan
Cowboys,Maliek Collins,96,DT,74,308,23,3,Nebraska
Cowboys,Chidobe Awuzie,24,CB,72,202,23,2,Colorado
Cowboys,Anthony Brown,30,CB,71,196,24,3,Purdue
Cowboys,Chris Jones,6,P,72,205,29,7,Carson-Newman
Cowboys,La'el Collins,71,T,76,320,25,4,LSU
Cowboys,Ezekiel Elliott,21,RB,72,228,23,3,Ohio State
Cowboys,Taco Charlton,97,DE,78,270,23,2,Michigan
Cowboys,Cole Beasley,11,WR,68,180,29,7,Southern Methodist
Cowboys,Byron Jones,31,CB,72,205,25,4,Connecticut
Cowboys,David Irving,95,DL,79,290,25,4,Iowa State
Cowboys,Parker Ehinger,79,G,78,310,25,3,Cincinnati
Cowboys,Marcus Martin,60,G,75,310,24,5,USC
Cowboys,Cedrick Wilson,16,WR,77,74,22,0,Boise State
Cowboys,Jameill Showers,28,S,74,222,27,1,Texas-El Paso
Cowboys,Noah Brown,85,WR,74,225,22,2,Ohio State
Jets,Frankie Luvu,50,LB,75,236,22,0,Washington State
Jets,Jeremiah Attaochu,55,LB,75,252,25,5,Georgia Tech
Jets,Jason Myers,2,K,70,190,27,4,Marist
Jets,J.J. Wilcox,37,S,72,212,27,5,Georgia Southern
Jets,Henry Anderson,96,DL,78,301,27,4,Stanford
Jets,Folorunso Fatukasi,94,DL,76,318,23,0,Connecticut
Jets,Trenton Cannon,40,RB,71,185,24,0,Virginia State
Jets,Chris Herndon,89,TE,76,253,22,0,Miami (Fla.)
Jets,Parry Nickerson,43,CB,70,182,23,0,Tulane
Jets,Nathan Shepherd,97,DL,76,315,24,0,Fort Hays State
Jets,Sam Darnold,14,QB,75,225,21,0,Southern California
Jets,Avery Williamson,54,LB,73,246,26,5,Kentucky
Jets,Andre Roberts,3,WR,71,195,30,9,The Citadel
Jets,Terrelle Pryor,16,WR,76,228,29,6,Ohio State
Jets,Kevin Pierre-Louis,56,LB,72,230,26,5,Boston College
Jets,Spencer Long,61,C,77,318,27,5,Nebraska
Jets,Trumaine Johnson,22,CB,74,213,28,7,Montana
Jets,Neville Hewitt,46,LB,74,234,25,4,Marshall
Jets,Brandon Copeland,51,LB,75,263,27,4,Pennsylvania
Jets,Isaiah Crowell,20,RB,71,225,25,5,Alabama State
Jets,Doug Middleton,36,S,72,210,24,2,Appalachian State
Jets,Josh McCown,15,QB,76,218,39,16,Sam Houston State
Jets,Jordan Leggett,86,TE,77,258,23,2,Clemson
Jets,Brian Winters,67,G,76,320,27,6,Kent State
Jets,Quincy Enunwa,81,WR,74,225,26,4,Nebraska
Jets,Charone Peake,17,WR,74,209,25,3,Clemson
Jets,Mike Pennel,98,DL,76,332,27,5,Colorado State-Pueblo
Jets,Darryl Roberts,27,CB,72,182,27,4,Marshall
Jets,Brent Qvale,79,OL,79,315,27,4,Nebraska
Jets,Leonard Williams,92,DL,77,302,24,4,USC
Jets,Bilal Powell,29,RB,70,204,29,8,Louisville
Jets,Dakota Dozier,70,G,76,313,27,5,Furman
Jets,Jermaine Kearse,10,WR,73,209,28,7,Washington
Jets,Terrence Brooks,23,S,71,200,26,5,Florida State
Jets,Morris Claiborne,21,CB,71,192,28,7,LSU
Jets,Thomas Hennessy,42,LS,74,246,24,2,Duke
Jets,Darron Lee,58,LB,73,232,23,3,Ohio State
Jets,Eric Tomlinson,83,TE,78,263,26,3,Texas-El Paso
Jets,Buster Skrine,41,CB,69,185,29,8,Tennessee-Chattanooga
Jets,Neal Sterling,85,TE,76,257,26,4,Monmouth (N.J.)
Jets,Brandon Shell,72,T,77,324,24,3,South Carolina
Jets,Jonotthan Harrison,78,OL,76,300,27,5,Florida
Jets,Josh Martin,95,LB,75,245,26,6,Columbia
Jets,Lachlan Edwards,4,P,76,209,26,3,Sam Houston State
Jets,Jordan Jenkins,48,LB,75,259,24,3,Georgia
Jets,Derrick Jones,31,CB,74,188,23,2,Mississippi
Jets,Kelvin Beachum,68,T,75,308,29,7,Southern Methodist
Jets,Robby Anderson,11,WR,75,190,25,3,Temple
Jets,Juston Burris,32,CB,72,212,25,3,North Carolina State
Jets,Steve McLendon,99,DL,75,310,32,9,Troy
Jets,Marcus Maye,26,S,72,207,25,2,Florida
Jets,Jamal Adams,33,S,73,213,22,2,LSU
Jets,James Carpenter,77,G,77,321,29,8,Alabama
Jets,Elijah McGuire,25,RB,70,214,24,2,Louisiana-Lafayette
Jets,Ben Ijalana,71,T,76,322,29,8,Villanova
Jets,Rontez Miles,45,S,72,203,29,4,California (PA)
Jets,Rashard Robinson,30,CB,74,177,23,3,LSU
Jets,ArDarius Stewart,18,WR,72,205,24,2,Alabama
Ravens,Brandon Williams,98,DT,73,336,29,6,Missouri Southern State
Ravens,Chris Board,49,LB,74,229,23,0,North Dakota State
Ravens,Willie Snead IV,83,WR,71,205,25,4,Ball State
Ravens,Janarion Grant,84,WR,70,173,24,0,Rutgers
Ravens,Joe Flacco,5,QB,78,245,33,11,Delaware
Ravens,Darious Williams,27,CB,69,187,25,0,Alabama-Birmingham
Ravens,De'Lance Turner,47,RB,71,214,23,0,Alcorn State
Ravens,Kenny Young,40,LB,73,234,23,0,UCLA
Ravens,Zach Sieler,95,DT,78,290,23,0,Ferris State
Ravens,Jordan Lasley,17,WR,73,213,21,0,UCLA
Ravens,Lamar Jackson,8,QB,74,212,21,0,Louisville
Ravens,Robert Griffin III,3,QB,74,213,28,6,Baylor
Ravens,Orlando Brown Jr.,78,T,80,345,22,0,Oklahoma
Ravens,Bradley Bozeman,77,C,77,317,23,0,Alabama
Ravens,Anthony Averett,28,CB,71,178,23,0,Alabama
Ravens,Mark Andrews,89,TE,77,256,23,0,Oklahoma
Ravens,Hayden Hurst,81,TE,76,245,25,0,South Carolina
Ravens,Michael Crabtree,15,WR,73,215,31,10,Texas Tech
Ravens,John Brown,13,WR,71,178,28,5,Pittsburg State
Ravens,James Hurst,74,G/T,77,310,26,5,North Carolina
Ravens,Brent Urban,96,DE,79,300,27,5,Virginia
Ravens,Matt Skura,68,G/C,75,313,25,2,Duke
Ravens,Alex Collins,34,RB,70,208,24,3,Arkansas
Ravens,Patrick Onwuasor,48,ILB,72,227,26,3,Portland State
Ravens,Chris Wormley,93,DE,77,300,24,2,Michigan
Ravens,Anthony Levine Sr.,41,DB/LB,71,207,31,7,Tennessee State
Ravens,Tim Williams,56,OLB,75,252,24,2,Alabama
Ravens,Maxx Williams,87,TE,76,252,24,4,Minnesota
Ravens,Ronnie Stanley,79,T,78,315,24,3,Notre Dame
Ravens,Za'Darius Smith,90,OLB,76,272,26,4,Kentucky
Ravens,Brandon Carr,24,CB,72,210,32,11,Grand Valley State
Ravens,Tony Jefferson,23,S,71,211,26,6,Oklahoma
Ravens,Marlon Humphrey,29,CB,72,197,22,2,Alabama
Ravens,Tyus Bowser,54,OLB,75,242,23,2,Houston
Ravens,Eric Weddle,32,S,71,200,33,12,Utah
Ravens,Javorius Allen,37,RB,72,218,27,4,USC
Ravens,Tavon Young,25,CB,69,185,24,3,Temple
Ravens,Marshal Yanda,73,G/T,75,305,34,12,Iowa
Ravens,Justin Tucker,9,K,73,183,28,7,Texas
Ravens,Terrell Suggs,55,OLB,75,265,35,16,Arizona State
Ravens,Jimmy Smith,22,CB,74,210,30,8,Colorado
Ravens,Patrick Ricard,42,FB/DL,75,311,24,2,Maine
Ravens,Michael Pierce,97,DT,72,340,25,3,Samford
Ravens,Alex Lewis,72,G/T,78,305,26,3,Nebraska
Ravens,Chris Moore,10,WR,73,200,25,3,Cincinnati
Ravens,Willie Henry,69,DT,75,291,24,3,Michigan
Ravens,Maurice Canady,26,CB,73,193,24,3,Virginia
Ravens,Matthew Judon,99,OLB,75,261,26,3,Grand Valley State
Ravens,Sam Koch,4,P,73,222,36,13,Nebraska
Ravens,Nick Boyle,86,TE,76,270,25,4,Delaware
Ravens,Morgan Cox,46,LS,76,235,32,9,Tennessee
Ravens,Chuck Clark,36,S,72,205,23,2,Virginia Tech
Ravens,C.J. Mosley,57,ILB,74,250,26,5,Alabama
Ravens,Jermaine Eluemunor,71,G/T,76,335,23,2,Texas A&M
Ravens,Greg Senat,64,T,78,305,24,0,Wagner
Ravens,Jaleel Scott,12,WR,77,210,23,0,New Mexico State
Ravens,DeShon Elliott,21,S,73,210,21,0,Texas
Ravens,Stanley Jean-Baptiste,38,CB,75,216,28,3,Nebraska
Ravens,Kenneth Dixon,30,RB,70,228,24,3,Louisiana Tech
Ravens,Kaare Vedvik,6,P,75,210,24,0,Marshall
Ravens,Quincy Adeboyejo,16,WR,75,200,23,1,Mississippi
Ravens,Jaylen Hill,43,CB,70,175,24,2,Jacksonville State
Ravens,Bam Bradley,53,ILB,71,232,24,2,Pittsburgh
Colts,Jihad Ward,51,DT,77,290,24,3,Illinois
Colts,Ryan Hewitt,45,TE,76,255,27,5,Stanford
Colts,Corey Moore,36,S,74,200,25,3,Georgia
Colts,Al-Quadin Muhammad,97,DE,76,250,23,2,Miami (Fla.)
Colts,Marcus Johnson,16,WR,73,204,24,2,Texas
Colts,Lenzy Pipkins,37,CB,72,196,24,2,Oklahoma State
Colts,Zach Pascal,14,WR,74,219,23,1,Old Dominion
Colts,Jordan Wilkins,20,RB,73,216,24,0,Mississippi
Colts,Kemoko Turay,57,DE,77,253,23,0,Rutgers
Colts,Matt Slauson,68,C/G,77,315,32,10,Nebraska
Colts,Luke Rhodes,46,LS,74,238,25,2,William & Mary
Colts,George Odum,30,S,73,200,24,0,Central Arkansas
Colts,Quenton Nelson,56,C/G,77,330,22,0,Notre Dame
Colts,Skai Moore,55,LB,74,230,23,0,South Carolina
Colts,Chris Milton,28,CB,71,196,26,3,Georgia Tech
Colts,Christine Michael,38,RB,70,220,27,6,Texas A&M
Colts,Nyheim Hines,21,RB,69,198,21,0,North Carolina State
Colts,Ryan Grant,11,WR,72,204,27,5,Tulane
Colts,Najee Goode,52,LB,72,244,29,7,West Virginia
Colts,Zaire Franklin,44,LB,72,238,22,0,Syracuse
Colts,Matthew Adams,49,LB,72,230,22,0,Houston
Colts,Darius Leonard,53,LB,74,234,23,0,South Carolina State
Colts,Braden Smith,72,G,78,315,22,0,Auburn
Colts,Eric Ebron,85,TE,76,253,25,5,North Carolina
Colts,Pierre Desir,35,CB,73,198,28,5,Lindenwood
Colts,Anthony Castonzo,74,T,79,311,30,8,Boston College
Colts,Le'Raven Clark,62,G/T,77,311,25,3,Texas Tech
Colts,Jack Doyle,84,TE,78,262,28,6,Western Kentucky
Colts,Jacoby Brissett,7,QB,76,235,25,3,North Carolina State
Colts,Denico Autry,96,DT/DE,77,270,28,5,Mississippi State
Colts,Kenny Moore II,23,CB,69,179,23,2,Valdosta State
Colts,Anthony Walker,50,LB,73,242,23,2,Northwestern
Colts,Malik Hooker,29,S,73,212,22,2,Ohio State
Colts,Margus Hunt,92,DT,80,298,31,6,Southern Methodist
Colts,Clayton Geathers,26,S,74,220,26,4,Central Florida
Colts,T.Y. Hilton,13,WR,70,183,28,7,Florida International
Colts,Quincy Wilson,31,CB,74,210,22,2,Florida
Colts,Adam Vinatieri,4,K,72,212,45,23,South Dakota State
Colts,Chester Rogers,80,WR,72,184,24,3,Grambling State
Colts,Jabaal Sheard,93,DE,75,265,29,8,Pittsburgh
Colts,Grover Stewart,90,DT,76,333,24,2,Albany State (Ga.)
Colts,Tarell Basham,58,DE,76,266,24,2,Ohio U.
Colts,Andrew Luck,12,QB,76,240,29,7,Stanford
Colts,Al Woods,99,DT,76,330,31,9,LSU
Colts,Rigoberto Sanchez,2,P,71,195,24,2,Hawaii
Colts,Hassan Ridgeway,91,DT,75,305,23,3,Texas
Colts,Marlon Mack,25,RB,71,210,22,2,South Florida
Colts,Nate Hairston,27,CB,72,195,24,2,Temple
Colts,Ryan Kelly,78,C,76,309,25,3,Alabama
Colts,Mark Glowinski,64,G,76,310,26,4,West Virginia
Colts,Denzelle Good,71,T/G,77,345,27,4,Mars Hill
Colts,Matthias Farley,41,S,71,209,26,3,Notre Dame
Colts,Joe Haeg,73,T/G,78,305,25,3,North Dakota State
Colts,Robenson Therezie,40,S,69,208,27,3,Auburn
Colts,J'Marcus Webb,61,T,79,331,30,6,West Texas A&M
Colts,Tyquan Lewis,94,DT/DE,75,269,23,0,Ohio State
Colts,Robert Jackson,34,CB,73,202,24,0,Nevada-Las Vegas
Colts,Chris Cooper,37,S,70,202,24,0,Stony Brook
Colts,Deon Cain,8,WR,74,202,22,0,Clemson
Colts,Johnathan Calvin,76,DT,75,266,24,1,Mississippi State
Colts,Ross Travis,43,TE,78,248,25,3,Penn State
Colts,James Wright,17,WR,73,203,26,4,LSU
Colts,Ronald Martin,20,S,73,220,25,2,LSU
Colts,Josh Ferguson,39,RB,70,205,25,3,Illinois
Colts,Brad Kaaya,9,QB,76,215,23,2,Miami (Fla.)
Colts,Jack Mewhort,75,T/G,78,310,27,5,Ohio State
Colts,Robert Turbin,33,RB,70,225,28,7,Utah State
Redskins,Brian Quick,83,WR,75,215,29,7,Appalachian State
Redskins,Jehu Chesson,16,WR,74,204,24,2,Michigan
Redskins,Caleb Brantley,99,DT,74,307,24,2,Florida
Redskins,Adrian Peterson,26,RB,73,220,33,11,Oklahoma
Redskins,Adonis Alexander,39,CB,75,207,21,0,Virginia Tech
Redskins,Casey Dunn,55,C,76,300,23,0,Auburn
Redskins,Danny Johnson,41,CB,69,181,22,0,Southern University
Redskins,Greg Stroman,37,CB,71,180,22,0,Virginia Tech
Redskins,Tim Settle,97,DL,75,328,21,0,Virginia Tech
Redskins,Shaun Dion Hamilton,51,LB,72,235,23,0,Alabama
Redskins,Daron Payne,95,DL,75,319,21,0,Alabama
Redskins,Geron Christian Sr.,74,T,77,302,22,0,Louisville
Redskins,Troy Apke,30,S,73,200,23,0,Penn State
Redskins,Paul Richardson Jr.,10,WR,72,170,26,5,Colorado
Redskins,Pernell McPhee,96,LB,75,265,29,8,Mississippi State
Redskins,Kenny Ladler,39,DB,73,200,26,2,Vanderbilt
Redskins,Alex Smith,11,QB,76,213,34,14,Utah
Redskins,Montae Nicholson,35,S,74,215,22,2,Michigan State
Redskins,Jonathan Allen,93,DL,75,294,23,2,Alabama
Redskins,Jordan Reed,86,TE,74,245,28,6,Florida
Redskins,Shawn Lauvao,77,G,75,308,30,9,Arizona State
Redskins,Rob Kelley,20,RB,72,229,25,3,Tulane
Redskins,Trent Williams,71,T,77,320,30,9,Oklahoma
Redskins,Chris Thompson,25,RB,68,195,27,5,Florida State
Redskins,D.J. Swearinger Sr.,36,S,70,205,27,6,South Carolina
Redskins,Preston Smith,94,LB,77,265,25,4,Mississippi State
Redskins,Josh Norman,24,CB,72,200,30,7,Coastal Carolina
Redskins,Zach Vigil,56,LB,74,238,27,4,Utah State
Redskins,Samaje Perine,32,RB,71,233,23,2,Oklahoma
Redskins,Jeremy Sprinkle,87,TE,77,252,24,2,Arkansas
Redskins,Matt Ioannidis,98,DL,75,305,24,3,Temple
Redskins,Josh Doctson,18,WR,74,202,25,3,TCU
Redskins,Maurice Harris,13,WR,75,200,25,3,California
Redskins,Ty Nsekhe,79,T,80,330,32,4,Texas State
Redskins,Colt McCoy,12,QB,73,210,32,9,Texas
Redskins,Tony Bergstrom,66,OL,77,310,32,7,Utah
Redskins,Morgan Moses,76,T,78,335,27,5,Virginia
Redskins,Tress Way,5,P,73,216,28,5,Oklahoma
Redskins,Nick Sundberg,57,LS,72,256,31,9,California
Redskins,Brandon Scherff,75,G,77,315,26,4,Iowa
Redskins,Chase Roullier,73,C,76,310,25,2,Wyoming
Redskins,Vernon Davis,85,TE,75,244,34,13,Maryland
Redskins,Dustin Hopkins,3,K,74,203,27,5,Florida State
Redskins,Fabian Moreau,31,CB,72,200,24,2,UCLA
Redskins,Ryan Kerrigan,91,LB,76,259,30,8,Purdue
Redskins,Ziggy Hood,90,DL,75,305,31,10,Missouri
Redskins,Quinton Dunbar,23,CB,74,197,26,4,Florida
Redskins,Ryan Anderson,52,LB,74,253,24,2,Alabama
Redskins,Zach Brown,53,LB,73,250,28,7,North Carolina
Redskins,Jamison Crowder,80,WR,69,177,25,4,Duke
Redskins,Mason Foster,54,LB,73,250,29,8,Washington
Redskins,Deshazor Everett,22,S,72,195,26,4,Texas A&M
Redskins,Josh Harvey-Clemons,40,LB,76,230,24,2,Louisville
Redskins,Arie Kouandjio,60,G,77,316,26,4,Alabama
Redskins,Cam Sims,89,WR,77,214,22,0,Alabama
Redskins,Trey Quinn,14,WR,72,200,22,0,SMU
Redskins,Derrius Guice,29,RB,71,225,21,0,LSU
Redskins,Byron Marshall,34,RB,69,225,24,2,Oregon
Redskins,Robert Davis,19,WR,75,212,23,1,Georgia State
Redskins,Tyler Catalina,68,G,78,315,25,2,Georgia
Redskins,Manasseh Garner,82,TE,74,240,26,1,Pittsburgh
Redskins,Joshua Holsey,38,CB,71,195,24,2,Auburn
Redskins,Stacy McGee,92,DL,75,339,28,6,Oklahoma
Packers,Deante Burton,39,CB,74,200,24,1,Kansas State
Packers,Darius Jackson,22,RB,72,228,24,3,Eastern Michigan
Packers,Korey Toomer,56,LB,74,235,29,5,Idaho
Packers,Antonio Morrison,44,LB,73,241,23,3,Florida
Packers,James Crawford,54,LB,74,239,23,0,Illinois
Packers,Byron Bell,74,T/G,77,320,29,8,New Mexico
Packers,Marcedes Lewis,89,TE,78,267,34,13,UCLA
Packers,Alex Light,70,T/G,77,309,22,0,Richmond
Packers,Raven Greene,36,S,71,197,23,0,James Madison
Packers,Tim Boyle,8,QB,76,232,23,0,Eastern Kentucky
Packers,Equanimeous St. Brown,19,WR,77,214,21,0,Notre Dame
Packers,Marquez Valdes-Scantling,83,WR,76,206,23,0,South Florida
Packers,J'Mon Moore,82,WR,75,205,23,0,Missouri
Packers,Josh Jackson,37,CB,72,196,22,0,Iowa
Packers,Oren Burks,42,LB,75,233,23,0,Vanderbilt
Packers,Jaire Alexander,23,CB,70,196,21,0,Louisville
Packers,Hunter Bradley,43,LS,75,241,24,0,Mississippi State
Packers,JK Scott,6,P,78,208,21,0,Alabama
Packers,Tramon Williams,38,CB,71,191,35,12,Louisiana Tech
Packers,Lucas Patrick,62,G,75,313,25,2,Duke
Packers,Muhammad Wilkerson,96,DL,76,315,28,8,Temple
Packers,Davon House,31,CB,72,195,29,8,New Mexico State
Packers,Jimmy Graham,80,TE,79,265,31,9,Miami
Packers,Justin McCray,64,G,75,317,26,2,Central Florida
Packers,Jermaine Whitehead,35,S,71,195,25,2,Auburn
Packers,Geronimo Allison,81,WR,75,202,24,3,Illinois
Packers,Davante Adams,17,WR,73,215,25,5,Fresno State
Packers,Randall Cobb,18,WR,70,192,28,8,Kentucky
Packers,Ha Ha Clinton-Dix,21,S,73,208,25,5,Alabama
Packers,Mason Crosby,2,K,73,207,34,12,Colorado
Packers,Blake Martinez,50,LB,74,237,24,3,Stanford
Packers,Ty Montgomery,88,RB,72,216,25,4,Stanford
Packers,Aaron Rodgers,12,QB,74,225,34,14,California
Packers,David Bakhtiari,69,T,76,310,26,6,Colorado
Packers,Montravius Adams,90,DL,76,304,23,2,Auburn
Packers,Bryan Bulaga,75,T,77,314,29,9,Iowa
Packers,Kenny Clark,97,DL,75,314,22,3,UCLA
Packers,Mike Daniels,76,DL,72,310,29,7,Iowa
Packers,Reggie Gilbert,93,LB,75,261,25,1,Arizona
Packers,Kentrell Brice,29,S,71,200,24,3,Louisiana Tech
Packers,Josh Jones,27,S,74,220,24,2,North Carolina State
Packers,Dean Lowry,94,DL,78,296,24,3,Northwestern
Packers,Kyler Fackrell,51,LB,77,245,26,3,Utah State
Packers,Lance Kendricks,84,TE,75,250,30,8,Wisconsin
Packers,Kevin King,20,CB,75,200,23,2,Washington
Packers,Clay Matthews,52,LB,75,255,32,10,Southern California
Packers,Corey Linsley,63,C,75,301,27,5,Ohio State
Packers,Nick Perry,53,LB,75,265,28,7,Southern California
Packers,Lane Taylor,65,G,75,324,28,6,Oklahoma State
Packers,Jason Spriggs,78,T,78,301,24,3,Indiana
Packers,Robert Tonyan,85,TE,77,237,24,1,Indiana State
Packers,Jamaal Williams,30,RB,72,213,23,2,Brigham Young
Packers,DeShone Kizer,9,QB,76,235,22,2,Notre Dame
Packers,Cole Madison,61,G,77,308,23,0,Washington State
Packers,Jake Ryan,47,LB,74,240,26,4,Michigan
Packers,Trevor Davis,11,WR,73,188,25,3,California
Packers,Jake Kumerow,16,WR,76,209,26,1,Wisconsin-Whitewater
Packers,Kyle Murphy,68,T,78,305,24,3,Stanford
Packers,Aaron Jones,33,RB,69,208,23,2,Texas-El Paso
Dolphins,Brandon Bolden,38,RB,71,220,28,7,Mississippi
Dolphins,Travis Swanson,66,C,77,304,27,5,Arkansas
Dolphins,Tanner McEvoy,16,WR,78,230,25,3,Wisconsin
Dolphins,Luke Falk,4,QB,76,215,23,0,Washington State
Dolphins,Durham Smythe,81,TE,78,248,23,0,Notre Dame
Dolphins,Akeem Spence,93,DT,73,307,26,6,Illinois
Dolphins,Jason Sanders,7,K,71,186,22,0,New Mexico
Dolphins,Mike Gesicki,86,TE,78,245,22,0,Penn State
Dolphins,Minkah Fitzpatrick,29,S,73,202,21,0,Alabama
Dolphins,Kalen Ballage,27,RB,74,237,22,0,Arizona State
Dolphins,Jerome Baker,55,LB,74,215,21,0,Ohio State
Dolphins,Cornell Armstrong,31,CB,72,185,23,0,Southern Mississippi
Dolphins,Brock Osweiler,8,QB,79,240,27,7,Arizona State
Dolphins,Frank Gore,21,RB,69,212,35,14,Miami (Fla.)
Dolphins,Albert Wilson,15,WR,69,186,26,5,Georgia State
Dolphins,Danny Amendola,80,WR,71,190,32,10,Texas Tech
Dolphins,Daniel Kilgore,67,C,75,291,30,8,Appalachian State
Dolphins,Robert Quinn,94,DE,76,257,28,8,North Carolina
Dolphins,Vincent Taylor,96,DT,75,306,24,2,Oklahoma State
Dolphins,Ryan Tannehill,17,QB,76,207,30,7,Texas A&M
Dolphins,Raekwon McMillan,52,LB,74,248,22,2,Ohio State
Dolphins,William Hayes,95,DE,75,265,33,11,Winston-Salem State
Dolphins,Ja'Wuan James,70,OT,78,312,26,5,Tennessee
Dolphins,Cordrea Tankersley,23,CB,73,200,24,2,Clemson
Dolphins,Zach Sterup,74,OT,81,327,26,2,Nebraska
Dolphins,Senorise Perry,34,RB,72,210,27,4,Louisville
Dolphins,Xavien Howard,25,CB,73,192,25,3,Baylor
Dolphins,Charles Harris,90,DE,75,250,23,2,Missouri
Dolphins,Torry McTyer,24,CB,71,188,23,2,Nevada-Las Vegas
Dolphins,John Denney,92,LS,77,242,40,14,Brigham Young
Dolphins,Andre Branch,50,DE,77,265,29,7,Clemson
Dolphins,Walt Aikens,35,CB,73,208,27,5,Liberty
Dolphins,Reshad Jones,20,FS,73,215,30,9,Georgia
Dolphins,Laremy Tunsil,78,OT,77,318,24,3,Mississippi
Dolphins,Sam Young,79,OT,80,302,31,9,Notre Dame
Dolphins,Jesse Davis,77,OT,78,325,27,2,Idaho
Dolphins,Cameron Wake,91,DE,75,263,36,10,Penn State
Dolphins,Jordan Phillips,97,DT,78,341,26,4,Oklahoma
Dolphins,Ted Larsen,62,C/G,75,323,31,9,North Carolina State
Dolphins,DeVante Parker,11,WR,75,216,25,4,Louisville
Dolphins,Kenyan Drake,32,RB,73,211,24,3,Alabama
Dolphins,Kenny Stills,10,WR,73,202,26,6,Oklahoma
Dolphins,T.J. McDonald,22,S,74,223,27,6,USC
Dolphins,Kiko Alonso,47,MLB,75,239,28,6,Oregon
Dolphins,Bobby McCain,28,CB,71,192,25,4,Memphis
Dolphins,David Fales,9,QB,74,213,27,4,San Jose State
Dolphins,Jakeem Grant,19,WR,67,169,25,3,Texas Tech
Dolphins,Stephone Anthony,44,OLB,75,245,26,4,Clemson
Dolphins,Chase Allen,59,OLB,75,250,25,2,Southern Illinois
Dolphins,Davon Godchaux,56,DT,75,315,23,2,LSU
Dolphins,A.J. Derby,85,TE,77,240,27,4,Arkansas
Dolphins,Matt Haack,2,P,72,202,24,2,Arizona State
Dolphins,Josh Sitton,71,G,75,320,32,11,Central Florida
Dolphins,MarQueis Gray,48,TE,76,263,28,6,Minnesota
Dolphins,Jake Brendel,64,C,76,299,26,3,UCLA
Dolphins,Mike Hull,45,OLB,72,235,27,3,Penn State
